first_name,id,total_publications,research_orgs,last_name,orcid_id,full_name,url
Ernst Wolfgang,ur.013537400103.23,255,"[{'id': 'grid.5164.6', 'acronym': 'TUC', 'name': 'Clausthal University of Technology', 'country_name': 'Germany'}, {'id': 'grid.6546.1', 'name': 'Technical University of Darmstadt', 'country_name': 'Germany'}, {'id': 'grid.461628.f', 'acronym': 'ILT', 'name': 'Fraunhofer Institute for Laser Technology', 'country_name': 'Germany'}, {'id': 'grid.1957.a', 'acronym': 'RWTH', 'name': 'RWTH Aachen University', 'country_name': 'Germany'}, {'id': 'grid.440789.6', 'acronym': 'STU', 'name': 'Slovak University of Technology in Bratislava', 'country_name': 'Slovakia'}]",Kreutz,,Ernst Wolfgang Kreutz,https://app.dimensions.ai/discover/publication?and_facet_researcher=ur.013537400103.23
Arnold,ur.016702203653.86,178,"[{'id': 'grid.1957.a', 'acronym': 'RWTH', 'name': 'RWTH Aachen University', 'country_name': 'Germany'}, {'id': 'grid.461628.f', 'acronym': 'ILT', 'name': 'Fraunhofer Institute for Laser Technology', 'country_name': 'Germany'}, {'id': 'grid.255966.b', 'acronym': 'FIT', 'name': 'Florida Institute of Technology', 'country_name': 'United States'}, {'id': 'grid.4561.6', 'acronym': 'FHG', 'name': 'Fraunhofer Society', 'country_name': 'Germany'}]",Gillner,,Arnold Gillner,https://app.dimensions.ai/discover/publication?and_facet_researcher=ur.016702203653.86
Konrad,ur.011746223501.50,103,"[{'id': 'grid.417971.d', 'acronym': 'IITB', 'name': 'Indian Institute of Technology Bombay', 'country_name': 'India'}, {'id': 'grid.1957.a', 'acronym': 'RWTH', 'name': 'RWTH Aachen University', 'country_name': 'Germany'}, {'id': 'grid.461628.f', 'acronym': 'ILT', 'name': 'Fraunhofer Institute for Laser Technology', 'country_name': 'Germany'}]",Wissenbach,,Konrad Wissenbach,https://app.dimensions.ai/discover/publication?and_facet_researcher=ur.011746223501.50
Alexander M,ur.013521014336.52,82,"[{'id': 'grid.461628.f', 'acronym': 'ILT', 'name': 'Fraunhofer Institute for Laser Technology', 'country_name': 'Germany'}]",Olowinsky,,Alexander M Olowinsky,https://app.dimensions.ai/discover/publication?and_facet_researcher=ur.013521014336.52
Hans Dieter,ur.01057157176.00,81,"[{'id': 'grid.461628.f', 'acronym': 'ILT', 'name': 'Fraunhofer Institute for Laser Technology', 'country_name': 'Germany'}]",Hoffmann,,Hans Dieter Hoffmann,https://app.dimensions.ai/discover/publication?and_facet_researcher=ur.01057157176.00
Willi J,ur.01360435505.35,76,"[{'id': 'grid.6546.1', 'name': 'Technical University of Darmstadt', 'country_name': 'Germany'}, {'id': 'grid.461628.f', 'acronym': 'ILT', 'name': 'Fraunhofer Institute for Laser Technology', 'country_name': 'Germany'}]",Neff,,Willi J Neff,https://app.dimensions.ai/discover/publication?and_facet_researcher=ur.01360435505.35
Andreas,ur.013003224315.27,76,"[{'id': 'grid.461628.f', 'acronym': 'ILT', 'name': 'Fraunhofer Institute for Laser Technology', 'country_name': 'Germany'}, {'id': 'grid.5164.6', 'acronym': 'TUC', 'name': 'Clausthal University of Technology', 'country_name': 'Germany'}, {'id': 'grid.1957.a', 'acronym': 'RWTH', 'name': 'RWTH Aachen University', 'country_name': 'Germany'}, {'id': 'grid.13829.31', 'acronym': 'MPIE', 'name': 'Max Planck Institute for Iron Research', 'country_name': 'Germany'}]",Weisheit,,Andreas Weisheit,https://app.dimensions.ai/discover/publication?and_facet_researcher=ur.013003224315.27
Klaus,ur.011474141075.90,76,"[{'id': 'grid.9613.d', 'acronym': 'FSU', 'name': 'Friedrich Schiller University Jena', 'country_name': 'Germany'}, {'id': 'grid.461628.f', 'acronym': 'ILT', 'name': 'Fraunhofer Institute for Laser Technology', 'country_name': 'Germany'}, {'id': 'grid.1957.a', 'acronym': 'RWTH', 'name': 'RWTH Aachen University', 'country_name': 'Germany'}]",Bergmann,,Klaus Bergmann,https://app.dimensions.ai/discover/publication?and_facet_researcher=ur.011474141075.90
Andres,ur.016216077663.00,73,"[{'id': 'grid.461628.f', 'acronym': 'ILT', 'name': 'Fraunhofer Institute for Laser Technology', 'country_name': 'Germany'}, {'id': 'grid.1957.a', 'acronym': 'RWTH', 'name': 'RWTH Aachen University', 'country_name': 'Germany'}]",Gasser,,Andres Gasser,https://app.dimensions.ai/discover/publication?and_facet_researcher=ur.016216077663.00
Martin,ur.013351223127.32,72,"[{'id': 'grid.461628.f', 'acronym': 'ILT', 'name': 'Fraunhofer Institute for Laser Technology', 'country_name': 'Germany'}]",Traub,,Martin Traub,https://app.dimensions.ai/discover/publication?and_facet_researcher=ur.013351223127.32
Bernd,ur.010661623155.74,53,"[{'id': 'grid.461628.f', 'acronym': 'ILT', 'name': 'Fraunhofer Institute for Laser Technology', 'country_name': 'Germany'}]",Jungbluth,,Bernd Jungbluth,https://app.dimensions.ai/discover/publication?and_facet_researcher=ur.010661623155.74
Rolf,ur.0651740313.41,51,"[{'id': 'grid.461628.f', 'acronym': 'ILT', 'name': 'Fraunhofer Institute for Laser Technology', 'country_name': 'Germany'}]",Wester,['0000-0002-7104-3257'],Rolf Wester,https://app.dimensions.ai/discover/publication?and_facet_researcher=ur.0651740313.41
Wilhelm,ur.0735624616.19,50,"[{'id': 'grid.1957.a', 'acronym': 'RWTH', 'name': 'RWTH Aachen University', 'country_name': 'Germany'}, {'id': 'grid.461628.f', 'acronym': 'ILT', 'name': 'Fraunhofer Institute for Laser Technology', 'country_name': 'Germany'}, {'id': 'grid.435016.5', 'name': 'TRUMPF (Germany)', 'country_name': 'Germany'}]",Meiners,,Wilhelm Meiners,https://app.dimensions.ai/discover/publication?and_facet_researcher=ur.0735624616.19
David A,ur.013532547513.93,47,"[{'id': 'grid.461628.f', 'acronym': 'ILT', 'name': 'Fraunhofer Institute for Laser Technology', 'country_name': 'Germany'}, {'id': 'grid.1957.a', 'acronym': 'RWTH', 'name': 'RWTH Aachen University', 'country_name': 'Germany'}]",Wesner,,David A Wesner,https://app.dimensions.ai/discover/publication?and_facet_researcher=ur.013532547513.93
Martin M,ur.012741102613.69,46,"[{'id': 'grid.461628.f', 'acronym': 'ILT', 'name': 'Fraunhofer Institute for Laser Technology', 'country_name': 'Germany'}, {'id': 'grid.1957.a', 'acronym': 'RWTH', 'name': 'RWTH Aachen University', 'country_name': 'Germany'}, {'id': 'grid.466709.a', 'acronym': 'IVV', 'name': 'Fraunhofer Institute for Process Engineering and Packaging', 'country_name': 'Germany'}]",Wehner,['0000-0003-0797-3369'],Martin M Wehner,https://app.dimensions.ai/discover/publication?and_facet_researcher=ur.012741102613.69
Dirk,ur.010226052301.59,41,"[{'id': 'grid.461628.f', 'acronym': 'ILT', 'name': 'Fraunhofer Institute for Laser Technology', 'country_name': 'Germany'}]",Petring,,Dirk Petring,https://app.dimensions.ai/discover/publication?and_facet_researcher=ur.010226052301.59
Volker,ur.0712207377.06,40,"[{'id': 'grid.6546.1', 'name': 'Technical University of Darmstadt', 'country_name': 'Germany'}, {'id': 'grid.461628.f', 'acronym': 'ILT', 'name': 'Fraunhofer Institute for Laser Technology', 'country_name': 'Germany'}]",Sturm,,Volker Sturm,https://app.dimensions.ai/discover/publication?and_facet_researcher=ur.0712207377.06
Edgar,ur.015702720763.01,35,"[{'id': 'grid.1957.a', 'acronym': 'RWTH', 'name': 'RWTH Aachen University', 'country_name': 'Germany'}, {'id': 'grid.461628.f', 'acronym': 'ILT', 'name': 'Fraunhofer Institute for Laser Technology', 'country_name': 'Germany'}]",Willenborg,,Edgar Willenborg,https://app.dimensions.ai/discover/publication?and_facet_researcher=ur.015702720763.01
Johannes,ur.0766415000.77,33,"[{'id': 'grid.461628.f', 'acronym': 'ILT', 'name': 'Fraunhofer Institute for Laser Technology', 'country_name': 'Germany'}, {'id': 'grid.450272.6', 'acronym': 'MPQ', 'name': 'Max Planck Institute of Quantum Optics', 'country_name': 'Germany'}, {'id': 'grid.1957.a', 'acronym': 'RWTH', 'name': 'RWTH Aachen University', 'country_name': 'Germany'}]",Weitenberg,,Johannes Weitenberg,https://app.dimensions.ai/discover/publication?and_facet_researcher=ur.0766415000.77
Jens,ur.014641726426.99,32,"[{'id': 'grid.461628.f', 'acronym': 'ILT', 'name': 'Fraunhofer Institute for Laser Technology', 'country_name': 'Germany'}]",Holtkamp,,Jens Holtkamp,https://app.dimensions.ai/discover/publication?and_facet_researcher=ur.014641726426.99
Stefan,ur.0640452463.78,31,"[{'id': 'grid.461628.f', 'acronym': 'ILT', 'name': 'Fraunhofer Institute for Laser Technology', 'country_name': 'Germany'}, {'id': 'grid.1957.a', 'acronym': 'RWTH', 'name': 'RWTH Aachen University', 'country_name': 'Germany'}]",Hengesbach,,Stefan Hengesbach,https://app.dimensions.ai/discover/publication?and_facet_researcher=ur.0640452463.78
Norbert,ur.015677745415.85,31,"[{'id': 'grid.461628.f', 'acronym': 'ILT', 'name': 'Fraunhofer Institute for Laser Technology', 'country_name': 'Germany'}, {'id': 'grid.1957.a', 'acronym': 'RWTH', 'name': 'RWTH Aachen University', 'country_name': 'Germany'}]",Pirch,,Norbert Pirch,https://app.dimensions.ai/discover/publication?and_facet_researcher=ur.015677745415.85
Peter,ur.016170211151.66,30,"[{'id': 'grid.461628.f', 'acronym': 'ILT', 'name': 'Fraunhofer Institute for Laser Technology', 'country_name': 'Germany'}]",Abels,,Peter Abels,https://app.dimensions.ai/discover/publication?and_facet_researcher=ur.016170211151.66
Konstantin,ur.015415312235.36,29,"[{'id': 'grid.461628.f', 'acronym': 'ILT', 'name': 'Fraunhofer Institute for Laser Technology', 'country_name': 'Germany'}, {'id': 'grid.1957.a', 'acronym': 'RWTH', 'name': 'RWTH Aachen University', 'country_name': 'Germany'}]",Boucke,,Konstantin Boucke,https://app.dimensions.ai/discover/publication?and_facet_researcher=ur.015415312235.36
Uwe,ur.01150551330.91,27,"[{'id': 'grid.461628.f', 'acronym': 'ILT', 'name': 'Fraunhofer Institute for Laser Technology', 'country_name': 'Germany'}]",Habich,,Uwe Habich,https://app.dimensions.ai/discover/publication?and_facet_researcher=ur.01150551330.91
Peter,ur.0626502176.33,27,"[{'id': 'grid.461628.f', 'acronym': 'ILT', 'name': 'Fraunhofer Institute for Laser Technology', 'country_name': 'Germany'}, {'id': 'grid.1957.a', 'acronym': 'RWTH', 'name': 'RWTH Aachen University', 'country_name': 'Germany'}]",Russbueldt,,Peter Russbueldt,https://app.dimensions.ai/discover/publication?and_facet_researcher=ur.0626502176.33
Peter,ur.013726561207.54,26,"[{'id': 'grid.461628.f', 'acronym': 'ILT', 'name': 'Fraunhofer Institute for Laser Technology', 'country_name': 'Germany'}, {'id': 'grid.1957.a', 'acronym': 'RWTH', 'name': 'RWTH Aachen University', 'country_name': 'Germany'}]",Rußbüldt,,Peter Rußbüldt,https://app.dimensions.ai/discover/publication?and_facet_researcher=ur.013726561207.54
Dominik,ur.01310625170.22,25,"[{'id': 'grid.461628.f', 'acronym': 'ILT', 'name': 'Fraunhofer Institute for Laser Technology', 'country_name': 'Germany'}]",Esser,,Dominik Esser,https://app.dimensions.ai/discover/publication?and_facet_researcher=ur.01310625170.22
Kolja,ur.012033164037.28,25,"[{'id': 'grid.461628.f', 'acronym': 'ILT', 'name': 'Fraunhofer Institute for Laser Technology', 'country_name': 'Germany'}]",Nicklaus,,Kolja Nicklaus,https://app.dimensions.ai/discover/publication?and_facet_researcher=ur.012033164037.28
Ulrich,ur.011131707256.52,25,"[{'id': 'grid.461628.f', 'acronym': 'ILT', 'name': 'Fraunhofer Institute for Laser Technology', 'country_name': 'Germany'}, {'id': 'grid.1957.a', 'acronym': 'RWTH', 'name': 'RWTH Aachen University', 'country_name': 'Germany'}, {'id': 'grid.4561.6', 'acronym': 'FHG', 'name': 'Fraunhofer Society', 'country_name': 'Germany'}]",Thombansen,,Ulrich Thombansen,https://app.dimensions.ai/discover/publication?and_facet_researcher=ur.011131707256.52
Cord,ur.014533001637.47,23,"[{'id': 'grid.10493.3f', 'name': 'University of Rostock', 'country_name': 'Germany'}, {'id': 'grid.461628.f', 'acronym': 'ILT', 'name': 'Fraunhofer Institute for Laser Technology', 'country_name': 'Germany'}, {'id': 'grid.440996.6', 'acronym': 'IAP', 'name': 'Leibniz Institute of Atmospheric Physics at the Rostock University', 'country_name': 'Germany'}]",Fricke-Begemann,,Cord Fricke-Begemann,https://app.dimensions.ai/discover/publication?and_facet_researcher=ur.014533001637.47
Markus,ur.014204455447.83,23,"[{'id': 'grid.461628.f', 'acronym': 'ILT', 'name': 'Fraunhofer Institute for Laser Technology', 'country_name': 'Germany'}, {'id': 'grid.1957.a', 'acronym': 'RWTH', 'name': 'RWTH Aachen University', 'country_name': 'Germany'}]",Niessen,,Markus Niessen,https://app.dimensions.ai/discover/publication?and_facet_researcher=ur.014204455447.83
Ulrich,ur.016171245055.87,22,"[{'id': 'grid.461628.f', 'acronym': 'ILT', 'name': 'Fraunhofer Institute for Laser Technology', 'country_name': 'Germany'}]",Witte,,Ulrich Witte,https://app.dimensions.ai/discover/publication?and_facet_researcher=ur.016171245055.87
Michael,ur.013153325360.01,22,"[{'id': 'grid.461628.f', 'acronym': 'ILT', 'name': 'Fraunhofer Institute for Laser Technology', 'country_name': 'Germany'}]",Strotkamp,['0000-0003-1017-3813'],Michael Strotkamp,https://app.dimensions.ai/discover/publication?and_facet_researcher=ur.013153325360.01
Claudia,ur.010412562577.56,21,"[{'id': 'grid.461628.f', 'acronym': 'ILT', 'name': 'Fraunhofer Institute for Laser Technology', 'country_name': 'Germany'}]",Hartmann,,Claudia Hartmann,https://app.dimensions.ai/discover/publication?and_facet_researcher=ur.010412562577.56
Oliver,ur.015716706741.43,19,"[{'id': 'grid.461628.f', 'acronym': 'ILT', 'name': 'Fraunhofer Institute for Laser Technology', 'country_name': 'Germany'}]",Fitzau,,Oliver Fitzau,https://app.dimensions.ai/discover/publication?and_facet_researcher=ur.015716706741.43
Heinz-Dieter,ur.01216664530.66,18,"[{'id': 'grid.461628.f', 'acronym': 'ILT', 'name': 'Fraunhofer Institute for Laser Technology', 'country_name': 'Germany'}]",Plum,,Heinz-Dieter Plum,https://app.dimensions.ai/discover/publication?and_facet_researcher=ur.01216664530.66
Martin,ur.016710420525.96,17,"[{'id': 'grid.461628.f', 'acronym': 'ILT', 'name': 'Fraunhofer Institute for Laser Technology', 'country_name': 'Germany'}, {'id': 'grid.1957.a', 'acronym': 'RWTH', 'name': 'RWTH Aachen University', 'country_name': 'Germany'}]",Reininghaus,,Martin Reininghaus,https://app.dimensions.ai/discover/publication?and_facet_researcher=ur.016710420525.96
Thomas,ur.016325776642.26,17,"[{'id': 'grid.461628.f', 'acronym': 'ILT', 'name': 'Fraunhofer Institute for Laser Technology', 'country_name': 'Germany'}]",Westphalen,,Thomas Westphalen,https://app.dimensions.ai/discover/publication?and_facet_researcher=ur.016325776642.26
Jens,ur.012254564155.10,17,"[{'id': 'grid.461628.f', 'acronym': 'ILT', 'name': 'Fraunhofer Institute for Laser Technology', 'country_name': 'Germany'}]",Geiger,,Jens Geiger,https://app.dimensions.ai/discover/publication?and_facet_researcher=ur.012254564155.10
Jens,ur.016452531343.14,16,"[{'id': 'grid.461628.f', 'acronym': 'ILT', 'name': 'Fraunhofer Institute for Laser Technology', 'country_name': 'Germany'}]",Gedicke,,Jens Gedicke,https://app.dimensions.ai/discover/publication?and_facet_researcher=ur.016452531343.14
Martin,ur.012162673061.84,16,"[{'id': 'grid.461628.f', 'acronym': 'ILT', 'name': 'Fraunhofer Institute for Laser Technology', 'country_name': 'Germany'}]",Giesberts,,Martin Giesberts,https://app.dimensions.ai/discover/publication?and_facet_researcher=ur.012162673061.84
Michael,ur.010624231722.37,16,"[{'id': 'grid.461628.f', 'acronym': 'ILT', 'name': 'Fraunhofer Institute for Laser Technology', 'country_name': 'Germany'}]",Leers,,Michael Leers,https://app.dimensions.ai/discover/publication?and_facet_researcher=ur.010624231722.37
Oliver,ur.07462537737.30,16,"[{'id': 'grid.461628.f', 'acronym': 'ILT', 'name': 'Fraunhofer Institute for Laser Technology', 'country_name': 'Germany'}, {'id': 'grid.1957.a', 'acronym': 'RWTH', 'name': 'RWTH Aachen University', 'country_name': 'Germany'}]",Rosier,,Oliver Rosier,https://app.dimensions.ai/discover/publication?and_facet_researcher=ur.07462537737.30
Jens,ur.011642027107.63,16,"[{'id': 'grid.461628.f', 'acronym': 'ILT', 'name': 'Fraunhofer Institute for Laser Technology', 'country_name': 'Germany'}]",Löhring,,Jens Löhring,https://app.dimensions.ai/discover/publication?and_facet_researcher=ur.011642027107.63
Markus Benjamin,ur.014273352105.90,15,"[{'id': 'grid.461628.f', 'acronym': 'ILT', 'name': 'Fraunhofer Institute for Laser Technology', 'country_name': 'Germany'}, {'id': 'grid.1957.a', 'acronym': 'RWTH', 'name': 'RWTH Aachen University', 'country_name': 'Germany'}]",Wilms,,Markus Benjamin Wilms,https://app.dimensions.ai/discover/publication?and_facet_researcher=ur.014273352105.90
Jochen,ur.07641421431.66,15,"[{'id': 'grid.461628.f', 'acronym': 'ILT', 'name': 'Fraunhofer Institute for Laser Technology', 'country_name': 'Germany'}]",Wueppen,,Jochen Wueppen,https://app.dimensions.ai/discover/publication?and_facet_researcher=ur.07641421431.66
Christoph,ur.0773033211.07,15,"[{'id': 'grid.1957.a', 'acronym': 'RWTH', 'name': 'RWTH Aachen University', 'country_name': 'Germany'}, {'id': 'grid.461628.f', 'acronym': 'ILT', 'name': 'Fraunhofer Institute for Laser Technology', 'country_name': 'Germany'}]",Janzen,,Christoph Janzen,https://app.dimensions.ai/discover/publication?and_facet_researcher=ur.0773033211.07
Christian,ur.013441034133.44,14,"[{'id': 'grid.255966.b', 'acronym': 'FIT', 'name': 'Florida Institute of Technology', 'country_name': 'United States'}, {'id': 'grid.461628.f', 'acronym': 'ILT', 'name': 'Fraunhofer Institute for Laser Technology', 'country_name': 'Germany'}]",Fornaroli,,Christian Fornaroli,https://app.dimensions.ai/discover/publication?and_facet_researcher=ur.013441034133.44
Johannes,ur.07654526000.54,14,"[{'id': 'grid.461628.f', 'acronym': 'ILT', 'name': 'Fraunhofer Institute for Laser Technology', 'country_name': 'Germany'}, {'id': 'grid.1957.a', 'acronym': 'RWTH', 'name': 'RWTH Aachen University', 'country_name': 'Germany'}]",Finger,,Johannes Finger,https://app.dimensions.ai/discover/publication?and_facet_researcher=ur.07654526000.54
Dietmar,ur.01102436130.37,14,"[{'id': 'grid.461628.f', 'acronym': 'ILT', 'name': 'Fraunhofer Institute for Laser Technology', 'country_name': 'Germany'}]",Ehrlichmann,,Dietmar Ehrlichmann,https://app.dimensions.ai/discover/publication?and_facet_researcher=ur.01102436130.37
Joachim,ur.012445511621.00,13,"[{'id': 'grid.461628.f', 'acronym': 'ILT', 'name': 'Fraunhofer Institute for Laser Technology', 'country_name': 'Germany'}]",Giesekus,,Joachim Giesekus,https://app.dimensions.ai/discover/publication?and_facet_researcher=ur.012445511621.00
Mirko,ur.07560257577.87,13,"[{'id': 'grid.461628.f', 'acronym': 'ILT', 'name': 'Fraunhofer Institute for Laser Technology', 'country_name': 'Germany'}]",Aden,,Mirko Aden,https://app.dimensions.ai/discover/publication?and_facet_researcher=ur.07560257577.87
Yves-Christian,ur.07555702101.52,13,"[{'id': 'grid.461628.f', 'acronym': 'ILT', 'name': 'Fraunhofer Institute for Laser Technology', 'country_name': 'Germany'}, {'id': 'grid.1957.a', 'acronym': 'RWTH', 'name': 'RWTH Aachen University', 'country_name': 'Germany'}]",Hagedorn,,Yves-Christian Hagedorn,https://app.dimensions.ai/discover/publication?and_facet_researcher=ur.07555702101.52
Lucas,ur.013253230330.63,13,"[{'id': 'grid.461628.f', 'acronym': 'ILT', 'name': 'Fraunhofer Institute for Laser Technology', 'country_name': 'Germany'}, {'id': 'grid.1957.a', 'acronym': 'RWTH', 'name': 'RWTH Aachen University', 'country_name': 'Germany'}]",Jauer,,Lucas Jauer,https://app.dimensions.ai/discover/publication?and_facet_researcher=ur.013253230330.63
Sebastian,ur.0624354737.64,13,"[{'id': 'grid.461628.f', 'acronym': 'ILT', 'name': 'Fraunhofer Institute for Laser Technology', 'country_name': 'Germany'}]",Nyga,,Sebastian Nyga,https://app.dimensions.ai/discover/publication?and_facet_researcher=ur.0624354737.64
Christoph,ur.010116115051.04,13,"[{'id': 'grid.461628.f', 'acronym': 'ILT', 'name': 'Fraunhofer Institute for Laser Technology', 'country_name': 'Germany'}]",Engelmann,,Christoph Engelmann,https://app.dimensions.ai/discover/publication?and_facet_researcher=ur.010116115051.04
Marco,ur.012401733527.66,12,"[{'id': 'grid.461628.f', 'acronym': 'ILT', 'name': 'Fraunhofer Institute for Laser Technology', 'country_name': 'Germany'}]",Höfer,,Marco Höfer,https://app.dimensions.ai/discover/publication?and_facet_researcher=ur.012401733527.66
Alexander,ur.014520244135.55,12,"[{'id': 'grid.461628.f', 'acronym': 'ILT', 'name': 'Fraunhofer Institute for Laser Technology', 'country_name': 'Germany'}]",Munk,,Alexander Munk,https://app.dimensions.ai/discover/publication?and_facet_researcher=ur.014520244135.55
Martin,ur.014750614075.13,12,"[{'id': 'grid.461628.f', 'acronym': 'ILT', 'name': 'Fraunhofer Institute for Laser Technology', 'country_name': 'Germany'}]",Dahmen,,Martin Dahmen,https://app.dimensions.ai/discover/publication?and_facet_researcher=ur.014750614075.13
Sörn,ur.016474233411.12,12,"[{'id': 'grid.461628.f', 'acronym': 'ILT', 'name': 'Fraunhofer Institute for Laser Technology', 'country_name': 'Germany'}]",Ocylok,,Sörn Ocylok,https://app.dimensions.ai/discover/publication?and_facet_researcher=ur.016474233411.12
Chongliang,ur.010727033117.42,12,"[{'id': 'grid.1957.a', 'acronym': 'RWTH', 'name': 'RWTH Aachen University', 'country_name': 'Germany'}, {'id': 'grid.461628.f', 'acronym': 'ILT', 'name': 'Fraunhofer Institute for Laser Technology', 'country_name': 'Germany'}]",Zhong,,Chongliang Zhong,https://app.dimensions.ai/discover/publication?and_facet_researcher=ur.010727033117.42
M,ur.016203617010.54,11,"[{'id': 'grid.461628.f', 'acronym': 'ILT', 'name': 'Fraunhofer Institute for Laser Technology', 'country_name': 'Germany'}, {'id': 'grid.1957.a', 'acronym': 'RWTH', 'name': 'RWTH Aachen University', 'country_name': 'Germany'}]",Mertin,,M Mertin,https://app.dimensions.ai/discover/publication?and_facet_researcher=ur.016203617010.54
Ansgar,ur.012135431236.47,11,"[{'id': 'grid.4305.2', 'name': 'University of Edinburgh', 'country_name': 'United Kingdom'}, {'id': 'grid.461628.f', 'acronym': 'ILT', 'name': 'Fraunhofer Institute for Laser Technology', 'country_name': 'Germany'}]",Meissner,,Ansgar Meissner,https://app.dimensions.ai/discover/publication?and_facet_researcher=ur.012135431236.47
Andreas,ur.012126053336.49,11,"[{'id': 'grid.461628.f', 'acronym': 'ILT', 'name': 'Fraunhofer Institute for Laser Technology', 'country_name': 'Germany'}]",Roesner,,Andreas Roesner,https://app.dimensions.ai/discover/publication?and_facet_researcher=ur.012126053336.49
Gerd,ur.013706575070.27,11,"[{'id': 'grid.461628.f', 'acronym': 'ILT', 'name': 'Fraunhofer Institute for Laser Technology', 'country_name': 'Germany'}]",Kochem,,Gerd Kochem,https://app.dimensions.ai/discover/publication?and_facet_researcher=ur.013706575070.27
Wolfgang,ur.011406501131.08,11,"[{'id': 'grid.461628.f', 'acronym': 'ILT', 'name': 'Fraunhofer Institute for Laser Technology', 'country_name': 'Germany'}]",Knapp,,Wolfgang Knapp,https://app.dimensions.ai/discover/publication?and_facet_researcher=ur.011406501131.08
Kira,ur.014617716505.45,11,"[{'id': 'grid.461628.f', 'acronym': 'ILT', 'name': 'Fraunhofer Institute for Laser Technology', 'country_name': 'Germany'}]",Van Der Straeten,,Kira Van Der Straeten,https://app.dimensions.ai/discover/publication?and_facet_researcher=ur.014617716505.45
Sebastian,ur.011160526033.33,11,"[{'id': 'grid.461628.f', 'acronym': 'ILT', 'name': 'Fraunhofer Institute for Laser Technology', 'country_name': 'Germany'}, {'id': 'grid.1957.a', 'acronym': 'RWTH', 'name': 'RWTH Aachen University', 'country_name': 'Germany'}]",Bremen,,Sebastian Bremen,https://app.dimensions.ai/discover/publication?and_facet_researcher=ur.011160526033.33
Valentin,ur.012776541246.86,11,"[{'id': 'grid.461628.f', 'acronym': 'ILT', 'name': 'Fraunhofer Institute for Laser Technology', 'country_name': 'Germany'}, {'id': 'grid.1957.a', 'acronym': 'RWTH', 'name': 'RWTH Aachen University', 'country_name': 'Germany'}]",Morasch,,Valentin Morasch,https://app.dimensions.ai/discover/publication?and_facet_researcher=ur.012776541246.86
Andrei,ur.013720205715.77,11,"[{'id': 'grid.461628.f', 'acronym': 'ILT', 'name': 'Fraunhofer Institute for Laser Technology', 'country_name': 'Germany'}]",Boglea,,Andrei Boglea,https://app.dimensions.ai/discover/publication?and_facet_researcher=ur.013720205715.77
Bastian,ur.011376546355.97,11,"[{'id': 'grid.461628.f', 'acronym': 'ILT', 'name': 'Fraunhofer Institute for Laser Technology', 'country_name': 'Germany'}, {'id': 'grid.1957.a', 'acronym': 'RWTH', 'name': 'RWTH Aachen University', 'country_name': 'Germany'}]",Gronloh,,Bastian Gronloh,https://app.dimensions.ai/discover/publication?and_facet_researcher=ur.011376546355.97
Michael,ur.01052162667.23,11,"[{'id': 'grid.461628.f', 'acronym': 'ILT', 'name': 'Fraunhofer Institute for Laser Technology', 'country_name': 'Germany'}]",Quade,,Michael Quade,https://app.dimensions.ai/discover/publication?and_facet_researcher=ur.01052162667.23
Marcus,ur.07626510675.17,10,"[{'id': 'grid.461628.f', 'acronym': 'ILT', 'name': 'Fraunhofer Institute for Laser Technology', 'country_name': 'Germany'}, {'id': 'grid.1957.a', 'acronym': 'RWTH', 'name': 'RWTH Aachen University', 'country_name': 'Germany'}]",Scholl,,Marcus Scholl,https://app.dimensions.ai/discover/publication?and_facet_researcher=ur.07626510675.17
Christian,ur.010720046663.17,10,"[{'id': 'grid.461628.f', 'acronym': 'ILT', 'name': 'Fraunhofer Institute for Laser Technology', 'country_name': 'Germany'}]",Weingarten,,Christian Weingarten,https://app.dimensions.ai/discover/publication?and_facet_researcher=ur.010720046663.17
Wolfgang,ur.012313030671.44,10,"[{'id': 'grid.159791.2', 'acronym': 'GSI', 'name': 'GSI Helmholtz Centre for Heavy Ion Research', 'country_name': 'Germany'}, {'id': 'grid.461628.f', 'acronym': 'ILT', 'name': 'Fraunhofer Institute for Laser Technology', 'country_name': 'Germany'}]",Brandenburg,,Wolfgang Brandenburg,https://app.dimensions.ai/discover/publication?and_facet_researcher=ur.012313030671.44
Nils,ur.0600667244.15,10,"[{'id': 'grid.170430.1', 'acronym': 'UCF', 'name': 'University of Central Florida', 'country_name': 'United States'}, {'id': 'grid.461628.f', 'acronym': 'ILT', 'name': 'Fraunhofer Institute for Laser Technology', 'country_name': 'Germany'}]",Gehlich,,Nils Gehlich,https://app.dimensions.ai/discover/publication?and_facet_researcher=ur.0600667244.15
Waldemar,ur.07417463747.57,10,"[{'id': 'grid.461628.f', 'acronym': 'ILT', 'name': 'Fraunhofer Institute for Laser Technology', 'country_name': 'Germany'}, {'id': 'grid.1957.a', 'acronym': 'RWTH', 'name': 'RWTH Aachen University', 'country_name': 'Germany'}]",Sokolowski,,Waldemar Sokolowski,https://app.dimensions.ai/discover/publication?and_facet_researcher=ur.07417463747.57
Marco,ur.010024413516.02,10,"[{'id': 'grid.461628.f', 'acronym': 'ILT', 'name': 'Fraunhofer Institute for Laser Technology', 'country_name': 'Germany'}]",Hoefer,,Marco Hoefer,https://app.dimensions.ai/discover/publication?and_facet_researcher=ur.010024413516.02
Yan,ur.01004047467.67,10,"[{'id': 'grid.461628.f', 'acronym': 'ILT', 'name': 'Fraunhofer Institute for Laser Technology', 'country_name': 'Germany'}]",Liao,,Yan Liao,https://app.dimensions.ai/discover/publication?and_facet_researcher=ur.01004047467.67
Sebastian,ur.012400403403.23,10,"[{'id': 'grid.461628.f', 'acronym': 'ILT', 'name': 'Fraunhofer Institute for Laser Technology', 'country_name': 'Germany'}]",Heidrich,,Sebastian Heidrich,https://app.dimensions.ai/discover/publication?and_facet_researcher=ur.012400403403.23
Nicolas,ur.013157777165.42,10,"[{'id': 'grid.461628.f', 'acronym': 'ILT', 'name': 'Fraunhofer Institute for Laser Technology', 'country_name': 'Germany'}, {'id': 'grid.424642.2', 'acronym': 'IAF', 'name': 'Institute for Applied Solid State Physics', 'country_name': 'Germany'}]",Wiedmann,,Nicolas Wiedmann,https://app.dimensions.ai/discover/publication?and_facet_researcher=ur.013157777165.42
Michael,ur.013346063014.55,10,"[{'id': 'grid.461628.f', 'acronym': 'ILT', 'name': 'Fraunhofer Institute for Laser Technology', 'country_name': 'Germany'}]",Ungers,,Michael Ungers,https://app.dimensions.ai/discover/publication?and_facet_researcher=ur.013346063014.55
Jian,ur.01120276067.44,9,"[{'id': 'grid.461628.f', 'acronym': 'ILT', 'name': 'Fraunhofer Institute for Laser Technology', 'country_name': 'Germany'}]",Zhang,,Jian Zhang,https://app.dimensions.ai/discover/publication?and_facet_researcher=ur.01120276067.44
Torsten,ur.014715171656.69,9,"[{'id': 'grid.461628.f', 'acronym': 'ILT', 'name': 'Fraunhofer Institute for Laser Technology', 'country_name': 'Germany'}, {'id': 'grid.1957.a', 'acronym': 'RWTH', 'name': 'RWTH Aachen University', 'country_name': 'Germany'}]",Hermanns,,Torsten Hermanns,https://app.dimensions.ai/discover/publication?and_facet_researcher=ur.014715171656.69
Henrich,ur.016554526403.01,9,"[{'id': 'grid.461628.f', 'acronym': 'ILT', 'name': 'Fraunhofer Institute for Laser Technology', 'country_name': 'Germany'}]",Schleifenbaum,,Henrich Schleifenbaum,https://app.dimensions.ai/discover/publication?and_facet_researcher=ur.016554526403.01
Kilian,ur.013033155103.44,9,"[{'id': 'grid.461628.f', 'acronym': 'ILT', 'name': 'Fraunhofer Institute for Laser Technology', 'country_name': 'Germany'}]",Klages,,Kilian Klages,https://app.dimensions.ai/discover/publication?and_facet_researcher=ur.013033155103.44
Uwe-Klaus,ur.07577566067.13,9,"[{'id': 'grid.461628.f', 'acronym': 'ILT', 'name': 'Fraunhofer Institute for Laser Technology', 'country_name': 'Germany'}]",Jarosch,,Uwe-Klaus Jarosch,https://app.dimensions.ai/discover/publication?and_facet_researcher=ur.07577566067.13
D,ur.010416201573.91,8,"[{'id': 'grid.461628.f', 'acronym': 'ILT', 'name': 'Fraunhofer Institute for Laser Technology', 'country_name': 'Germany'}]",Maischner,,D Maischner,https://app.dimensions.ai/discover/publication?and_facet_researcher=ur.010416201573.91
Silja-Katharina,ur.014352040327.36,8,"[{'id': 'grid.461628.f', 'acronym': 'ILT', 'name': 'Fraunhofer Institute for Laser Technology', 'country_name': 'Germany'}, {'id': 'grid.1957.a', 'acronym': 'RWTH', 'name': 'RWTH Aachen University', 'country_name': 'Germany'}]",Rittinghaus,,Silja-Katharina Rittinghaus,https://app.dimensions.ai/discover/publication?and_facet_researcher=ur.014352040327.36
Otto,ur.07521102163.11,8,"[{'id': 'grid.461628.f', 'acronym': 'ILT', 'name': 'Fraunhofer Institute for Laser Technology', 'country_name': 'Germany'}]",Märten,,Otto Märten,https://app.dimensions.ai/discover/publication?and_facet_researcher=ur.07521102163.11
Thomas,ur.07406046417.71,8,"[{'id': 'grid.461628.f', 'acronym': 'ILT', 'name': 'Fraunhofer Institute for Laser Technology', 'country_name': 'Germany'}]",Schopphoven,,Thomas Schopphoven,https://app.dimensions.ai/discover/publication?and_facet_researcher=ur.07406046417.71
Elke,ur.01132756425.14,8,"[{'id': 'grid.1957.a', 'acronym': 'RWTH', 'name': 'RWTH Aachen University', 'country_name': 'Germany'}, {'id': 'grid.461628.f', 'acronym': 'ILT', 'name': 'Fraunhofer Institute for Laser Technology', 'country_name': 'Germany'}]",Bremus-Köbberling,,Elke Bremus-Köbberling,https://app.dimensions.ai/discover/publication?and_facet_researcher=ur.01132756425.14
Ulrich-Andreas,ur.014710406437.68,8,"[{'id': 'grid.461628.f', 'acronym': 'ILT', 'name': 'Fraunhofer Institute for Laser Technology', 'country_name': 'Germany'}]",Russek,,Ulrich-Andreas Russek,https://app.dimensions.ai/discover/publication?and_facet_researcher=ur.014710406437.68
Damien,ur.013102156465.57,8,"[{'id': 'grid.461628.f', 'acronym': 'ILT', 'name': 'Fraunhofer Institute for Laser Technology', 'country_name': 'Germany'}, {'id': 'grid.1957.a', 'acronym': 'RWTH', 'name': 'RWTH Aachen University', 'country_name': 'Germany'}]",Buchbinder,,Damien Buchbinder,https://app.dimensions.ai/discover/publication?and_facet_researcher=ur.013102156465.57
Florian,ur.011570235431.39,8,"[{'id': 'grid.461628.f', 'acronym': 'ILT', 'name': 'Fraunhofer Institute for Laser Technology', 'country_name': 'Germany'}]",Elsen,,Florian Elsen,https://app.dimensions.ai/discover/publication?and_facet_researcher=ur.011570235431.39
Franz,ur.011476152152.88,8,"[{'id': 'grid.461628.f', 'acronym': 'ILT', 'name': 'Fraunhofer Institute for Laser Technology', 'country_name': 'Germany'}]",Richter,,Franz Richter,https://app.dimensions.ai/discover/publication?and_facet_researcher=ur.011476152152.88
Oliver,ur.013020412367.50,8,"[{'id': 'grid.461628.f', 'acronym': 'ILT', 'name': 'Fraunhofer Institute for Laser Technology', 'country_name': 'Germany'}, {'id': 'grid.1957.a', 'acronym': 'RWTH', 'name': 'RWTH Aachen University', 'country_name': 'Germany'}]",Franken,,Oliver Franken,https://app.dimensions.ai/discover/publication?and_facet_researcher=ur.013020412367.50
Michael J,ur.014711402171.09,7,"[{'id': 'grid.461628.f', 'acronym': 'ILT', 'name': 'Fraunhofer Institute for Laser Technology', 'country_name': 'Germany'}]",Wild,,Michael J Wild,https://app.dimensions.ai/discover/publication?and_facet_researcher=ur.014711402171.09
Frank,ur.014244135352.33,7,"[{'id': 'grid.461628.f', 'acronym': 'ILT', 'name': 'Fraunhofer Institute for Laser Technology', 'country_name': 'Germany'}]",Hilbk-Kortenbruck,,Frank Hilbk-Kortenbruck,https://app.dimensions.ai/discover/publication?and_facet_researcher=ur.014244135352.33
Alexander,ur.015341723530.38,7,"[{'id': 'grid.461628.f', 'acronym': 'ILT', 'name': 'Fraunhofer Institute for Laser Technology', 'country_name': 'Germany'}]",Drenker,,Alexander Drenker,https://app.dimensions.ai/discover/publication?and_facet_researcher=ur.015341723530.38
Patrick,ur.011363505627.06,7,"[{'id': 'grid.461628.f', 'acronym': 'ILT', 'name': 'Fraunhofer Institute for Laser Technology', 'country_name': 'Germany'}]",Gretzki,,Patrick Gretzki,https://app.dimensions.ai/discover/publication?and_facet_researcher=ur.011363505627.06
Sarah,ur.01362725434.98,7,"[{'id': 'grid.461628.f', 'acronym': 'ILT', 'name': 'Fraunhofer Institute for Laser Technology', 'country_name': 'Germany'}, {'id': 'grid.1957.a', 'acronym': 'RWTH', 'name': 'RWTH Aachen University', 'country_name': 'Germany'}]",Klein,,Sarah Klein,https://app.dimensions.ai/discover/publication?and_facet_researcher=ur.01362725434.98
Markus,ur.01257526657.16,7,"[{'id': 'grid.461628.f', 'acronym': 'ILT', 'name': 'Fraunhofer Institute for Laser Technology', 'country_name': 'Germany'}]",Benk,,Markus Benk,https://app.dimensions.ai/discover/publication?and_facet_researcher=ur.01257526657.16
Thomas,ur.016310132656.32,7,"[{'id': 'grid.461628.f', 'acronym': 'ILT', 'name': 'Fraunhofer Institute for Laser Technology', 'country_name': 'Germany'}]",Molitor,,Thomas Molitor,https://app.dimensions.ai/discover/publication?and_facet_researcher=ur.016310132656.32
Jörg,ur.014203570442.83,7,"[{'id': 'grid.461628.f', 'acronym': 'ILT', 'name': 'Fraunhofer Institute for Laser Technology', 'country_name': 'Germany'}]",Luttmann,,Jörg Luttmann,https://app.dimensions.ai/discover/publication?and_facet_researcher=ur.014203570442.83
Achim,ur.0671201305.11,7,"[{'id': 'grid.461628.f', 'acronym': 'ILT', 'name': 'Fraunhofer Institute for Laser Technology', 'country_name': 'Germany'}]",Lenenbach,,Achim Lenenbach,https://app.dimensions.ai/discover/publication?and_facet_researcher=ur.0671201305.11
Ingo,ur.015537464370.98,7,"[{'id': 'grid.461628.f', 'acronym': 'ILT', 'name': 'Fraunhofer Institute for Laser Technology', 'country_name': 'Germany'}]",Ross,,Ingo Ross,https://app.dimensions.ai/discover/publication?and_facet_researcher=ur.015537464370.98
Georg,ur.015315777447.46,7,"[{'id': 'grid.461628.f', 'acronym': 'ILT', 'name': 'Fraunhofer Institute for Laser Technology', 'country_name': 'Germany'}]",Bergweiler,,Georg Bergweiler,https://app.dimensions.ai/discover/publication?and_facet_researcher=ur.015315777447.46
Gerhard,ur.011105767463.52,7,"[{'id': 'grid.461628.f', 'acronym': 'ILT', 'name': 'Fraunhofer Institute for Laser Technology', 'country_name': 'Germany'}, {'id': 'grid.1957.a', 'acronym': 'RWTH', 'name': 'RWTH Aachen University', 'country_name': 'Germany'}]",Backes,,Gerhard Backes,https://app.dimensions.ai/discover/publication?and_facet_researcher=ur.011105767463.52
Frank,ur.016123153003.84,7,"[{'id': 'grid.461628.f', 'acronym': 'ILT', 'name': 'Fraunhofer Institute for Laser Technology', 'country_name': 'Germany'}]",Schneider,,Frank Schneider,https://app.dimensions.ai/discover/publication?and_facet_researcher=ur.016123153003.84
Frank,ur.012643453533.30,7,"[{'id': 'grid.461628.f', 'acronym': 'ILT', 'name': 'Fraunhofer Institute for Laser Technology', 'country_name': 'Germany'}]",Zibner,,Frank Zibner,https://app.dimensions.ai/discover/publication?and_facet_researcher=ur.012643453533.30
Joachim,ur.014236414533.21,7,"[{'id': 'grid.461628.f', 'acronym': 'ILT', 'name': 'Fraunhofer Institute for Laser Technology', 'country_name': 'Germany'}]",Ryll,,Joachim Ryll,https://app.dimensions.ai/discover/publication?and_facet_researcher=ur.014236414533.21
Moritz,ur.011005440205.67,7,"[{'id': 'grid.461628.f', 'acronym': 'ILT', 'name': 'Fraunhofer Institute for Laser Technology', 'country_name': 'Germany'}, {'id': 'grid.1957.a', 'acronym': 'RWTH', 'name': 'RWTH Aachen University', 'country_name': 'Germany'}]",Alkhayat,,Moritz Alkhayat,https://app.dimensions.ai/discover/publication?and_facet_researcher=ur.011005440205.67
Jan,ur.012377250745.30,7,"[{'id': 'grid.461628.f', 'acronym': 'ILT', 'name': 'Fraunhofer Institute for Laser Technology', 'country_name': 'Germany'}]",Schulte,,Jan Schulte,https://app.dimensions.ai/discover/publication?and_facet_researcher=ur.012377250745.30
Andrei,ur.011010144762.16,7,"[{'id': 'grid.461628.f', 'acronym': 'ILT', 'name': 'Fraunhofer Institute for Laser Technology', 'country_name': 'Germany'}, {'id': 'grid.1957.a', 'acronym': 'RWTH', 'name': 'RWTH Aachen University', 'country_name': 'Germany'}]",Diatlov,,Andrei Diatlov,https://app.dimensions.ai/discover/publication?and_facet_researcher=ur.011010144762.16
R,ur.013264440200.35,6,"[{'id': 'grid.461628.f', 'acronym': 'ILT', 'name': 'Fraunhofer Institute for Laser Technology', 'country_name': 'Germany'}]",Kramer,,R Kramer,https://app.dimensions.ai/discover/publication?and_facet_researcher=ur.013264440200.35
K,ur.014605466275.21,6,"[{'id': 'grid.461628.f', 'acronym': 'ILT', 'name': 'Fraunhofer Institute for Laser Technology', 'country_name': 'Germany'}]",Pochner,,K Pochner,https://app.dimensions.ai/discover/publication?and_facet_researcher=ur.014605466275.21
Laszlo,ur.013203631671.28,6,"[{'id': 'grid.461628.f', 'acronym': 'ILT', 'name': 'Fraunhofer Institute for Laser Technology', 'country_name': 'Germany'}]",Peter,,Laszlo Peter,https://app.dimensions.ai/discover/publication?and_facet_researcher=ur.013203631671.28
Alexander,ur.012312500471.52,6,"[{'id': 'grid.461628.f', 'acronym': 'ILT', 'name': 'Fraunhofer Institute for Laser Technology', 'country_name': 'Germany'}]",Von Wezyk,,Alexander Von Wezyk,https://app.dimensions.ai/discover/publication?and_facet_researcher=ur.012312500471.52
Michael,ur.0712241047.69,6,"[{'id': 'grid.461628.f', 'acronym': 'ILT', 'name': 'Fraunhofer Institute for Laser Technology', 'country_name': 'Germany'}, {'id': 'grid.1957.a', 'acronym': 'RWTH', 'name': 'RWTH Aachen University', 'country_name': 'Germany'}, {'id': 'grid.7892.4', 'acronym': 'KIT', 'name': 'Karlsruhe Institute of Technology', 'country_name': 'Germany'}]",Heise,,Michael Heise,https://app.dimensions.ai/discover/publication?and_facet_researcher=ur.0712241047.69
Florian,ur.015027364475.10,6,"[{'id': 'grid.461628.f', 'acronym': 'ILT', 'name': 'Fraunhofer Institute for Laser Technology', 'country_name': 'Germany'}]",Eibl,,Florian Eibl,https://app.dimensions.ai/discover/publication?and_facet_researcher=ur.015027364475.10
Thomas,ur.01327120426.07,6,"[{'id': 'grid.461628.f', 'acronym': 'ILT', 'name': 'Fraunhofer Institute for Laser Technology', 'country_name': 'Germany'}]",Sartorius,,Thomas Sartorius,https://app.dimensions.ai/discover/publication?and_facet_researcher=ur.01327120426.07
Erik,ur.013541172306.41,6,"[{'id': 'grid.461628.f', 'acronym': 'ILT', 'name': 'Fraunhofer Institute for Laser Technology', 'country_name': 'Germany'}]",Liermann,,Erik Liermann,https://app.dimensions.ai/discover/publication?and_facet_researcher=ur.013541172306.41
Dirk,ur.012546226643.27,6,"[{'id': 'grid.461628.f', 'acronym': 'ILT', 'name': 'Fraunhofer Institute for Laser Technology', 'country_name': 'Germany'}]",Hellrung,,Dirk Hellrung,https://app.dimensions.ai/discover/publication?and_facet_researcher=ur.012546226643.27
Jochen,ur.01056521266.72,6,"[{'id': 'grid.461628.f', 'acronym': 'ILT', 'name': 'Fraunhofer Institute for Laser Technology', 'country_name': 'Germany'}]",Wüppen,,Jochen Wüppen,https://app.dimensions.ai/discover/publication?and_facet_researcher=ur.01056521266.72
Raphael,ur.015271725713.63,6,"[{'id': 'grid.461628.f', 'acronym': 'ILT', 'name': 'Fraunhofer Institute for Laser Technology', 'country_name': 'Germany'}]",Kasemann,,Raphael Kasemann,https://app.dimensions.ai/discover/publication?and_facet_researcher=ur.015271725713.63
Jürgen,ur.016664666713.08,6,"[{'id': 'grid.461628.f', 'acronym': 'ILT', 'name': 'Fraunhofer Institute for Laser Technology', 'country_name': 'Germany'}]",Klein,,Jürgen Klein,https://app.dimensions.ai/discover/publication?and_facet_researcher=ur.016664666713.08
Rüdiger,ur.01122322417.55,6,"[{'id': 'grid.461628.f', 'acronym': 'ILT', 'name': 'Fraunhofer Institute for Laser Technology', 'country_name': 'Germany'}]",Fleige,,Rüdiger Fleige,https://app.dimensions.ai/discover/publication?and_facet_researcher=ur.01122322417.55
Fahri,ur.013612613223.01,6,"[{'id': 'grid.461628.f', 'acronym': 'ILT', 'name': 'Fraunhofer Institute for Laser Technology', 'country_name': 'Germany'}]",Sari,,Fahri Sari,https://app.dimensions.ai/discover/publication?and_facet_researcher=ur.013612613223.01
Philipp,ur.01261205555.80,6,"[{'id': 'grid.461628.f', 'acronym': 'ILT', 'name': 'Fraunhofer Institute for Laser Technology', 'country_name': 'Germany'}]",Jacobs,,Philipp Jacobs,https://app.dimensions.ai/discover/publication?and_facet_researcher=ur.01261205555.80
Gesa,ur.010427457601.75,6,"[{'id': 'grid.461628.f', 'acronym': 'ILT', 'name': 'Fraunhofer Institute for Laser Technology', 'country_name': 'Germany'}, {'id': 'grid.1957.a', 'acronym': 'RWTH', 'name': 'RWTH Aachen University', 'country_name': 'Germany'}]",Rolink,,Gesa Rolink,https://app.dimensions.ai/discover/publication?and_facet_researcher=ur.010427457601.75
Stefan,ur.010643146034.90,6,"[{'id': 'grid.461628.f', 'acronym': 'ILT', 'name': 'Fraunhofer Institute for Laser Technology', 'country_name': 'Germany'}]",Seiwert,,Stefan Seiwert,https://app.dimensions.ai/discover/publication?and_facet_researcher=ur.010643146034.90
Philipp,ur.016047322111.09,6,"[{'id': 'grid.461628.f', 'acronym': 'ILT', 'name': 'Fraunhofer Institute for Laser Technology', 'country_name': 'Germany'}]",Lott,,Philipp Lott,https://app.dimensions.ai/discover/publication?and_facet_researcher=ur.016047322111.09
Marcel,ur.07722236377.11,6,"[{'id': 'grid.461628.f', 'acronym': 'ILT', 'name': 'Fraunhofer Institute for Laser Technology', 'country_name': 'Germany'}]",Werner,,Marcel Werner,https://app.dimensions.ai/discover/publication?and_facet_researcher=ur.07722236377.11
R,ur.011766064212.03,6,"[{'id': 'grid.461628.f', 'acronym': 'ILT', 'name': 'Fraunhofer Institute for Laser Technology', 'country_name': 'Germany'}]",Holz,,R Holz,https://app.dimensions.ai/discover/publication?and_facet_researcher=ur.011766064212.03
H,ur.012476235473.06,6,"[{'id': 'grid.461628.f', 'acronym': 'ILT', 'name': 'Fraunhofer Institute for Laser Technology', 'country_name': 'Germany'}]",Horn,,H Horn,https://app.dimensions.ai/discover/publication?and_facet_researcher=ur.012476235473.06
Felix,ur.013017300131.26,5,"[{'id': 'grid.461628.f', 'acronym': 'ILT', 'name': 'Fraunhofer Institute for Laser Technology', 'country_name': 'Germany'}]",Schmitt,,Felix Schmitt,https://app.dimensions.ai/discover/publication?and_facet_researcher=ur.013017300131.26
Heinrich,ur.014135455242.67,5,"[{'id': 'grid.461628.f', 'acronym': 'ILT', 'name': 'Fraunhofer Institute for Laser Technology', 'country_name': 'Germany'}]",Faidel,,Heinrich Faidel,https://app.dimensions.ai/discover/publication?and_facet_researcher=ur.014135455242.67
Joerg,ur.014450555037.54,5,"[{'id': 'grid.461628.f', 'acronym': 'ILT', 'name': 'Fraunhofer Institute for Laser Technology', 'country_name': 'Germany'}]",Niehoff,,Joerg Niehoff,https://app.dimensions.ai/discover/publication?and_facet_researcher=ur.014450555037.54
Adriane,ur.016123420471.44,5,"[{'id': 'grid.461628.f', 'acronym': 'ILT', 'name': 'Fraunhofer Institute for Laser Technology', 'country_name': 'Germany'}, {'id': 'grid.1957.a', 'acronym': 'RWTH', 'name': 'RWTH Aachen University', 'country_name': 'Germany'}]",Brysch,,Adriane Brysch,https://app.dimensions.ai/discover/publication?and_facet_researcher=ur.016123420471.44
Daniel,ur.016564133573.92,5,"[{'id': 'grid.461628.f', 'acronym': 'ILT', 'name': 'Fraunhofer Institute for Laser Technology', 'country_name': 'Germany'}]",Trusheim,,Daniel Trusheim,https://app.dimensions.ai/discover/publication?and_facet_researcher=ur.016564133573.92
Jochen,ur.012726005633.74,5,"[{'id': 'grid.461628.f', 'acronym': 'ILT', 'name': 'Fraunhofer Institute for Laser Technology', 'country_name': 'Germany'}]",Kittel,,Jochen Kittel,https://app.dimensions.ai/discover/publication?and_facet_researcher=ur.012726005633.74
Christian,ur.011324134401.64,5,"[{'id': 'grid.461628.f', 'acronym': 'ILT', 'name': 'Fraunhofer Institute for Laser Technology', 'country_name': 'Germany'}]",Hördemann,,Christian Hördemann,https://app.dimensions.ai/discover/publication?and_facet_researcher=ur.011324134401.64
Konstantin,ur.016234066057.20,5,"[{'id': 'grid.461628.f', 'acronym': 'ILT', 'name': 'Fraunhofer Institute for Laser Technology', 'country_name': 'Germany'}]",Walter,,Konstantin Walter,https://app.dimensions.ai/discover/publication?and_facet_researcher=ur.016234066057.20
Christoph,ur.01261007747.62,5,"[{'id': 'grid.411327.2', 'acronym': 'HHU', 'name': 'Heinrich Heine University Düsseldorf', 'country_name': 'Germany'}, {'id': 'grid.461628.f', 'acronym': 'ILT', 'name': 'Fraunhofer Institute for Laser Technology', 'country_name': 'Germany'}]",Gayer,['0000-0002-9237-1559'],Christoph Gayer,https://app.dimensions.ai/discover/publication?and_facet_researcher=ur.01261007747.62
Nadine,ur.0776463302.30,5,"[{'id': 'grid.461628.f', 'acronym': 'ILT', 'name': 'Fraunhofer Institute for Laser Technology', 'country_name': 'Germany'}]",Nottrodt,['0000-0002-4985-0087'],Nadine Nottrodt,https://app.dimensions.ai/discover/publication?and_facet_researcher=ur.0776463302.30
Jens,ur.015203651673.58,5,"[{'id': 'grid.461628.f', 'acronym': 'ILT', 'name': 'Fraunhofer Institute for Laser Technology', 'country_name': 'Germany'}]",Vrenegor,,Jens Vrenegor,https://app.dimensions.ai/discover/publication?and_facet_researcher=ur.015203651673.58
Marie J,ur.015357176307.88,5,"[{'id': 'grid.5333.6', 'acronym': 'EPFL', 'name': 'Swiss Federal Institute of Technology in Lausanne', 'country_name': 'Switzerland'}, {'id': 'grid.461628.f', 'acronym': 'ILT', 'name': 'Fraunhofer Institute for Laser Technology', 'country_name': 'Germany'}]",Livrozet,,Marie J Livrozet,https://app.dimensions.ai/discover/publication?and_facet_researcher=ur.015357176307.88
Moritz,ur.016166554226.24,5,"[{'id': 'grid.461628.f', 'acronym': 'ILT', 'name': 'Fraunhofer Institute for Laser Technology', 'country_name': 'Germany'}, {'id': 'grid.1957.a', 'acronym': 'RWTH', 'name': 'RWTH Aachen University', 'country_name': 'Germany'}]",Schaefer,,Moritz Schaefer,https://app.dimensions.ai/discover/publication?and_facet_researcher=ur.016166554226.24
Dominik,ur.013165633065.45,5,"[{'id': 'grid.461628.f', 'acronym': 'ILT', 'name': 'Fraunhofer Institute for Laser Technology', 'country_name': 'Germany'}]",Hawelka,,Dominik Hawelka,https://app.dimensions.ai/discover/publication?and_facet_researcher=ur.013165633065.45
Stoyan,ur.012057122074.32,5,"[{'id': 'grid.461628.f', 'acronym': 'ILT', 'name': 'Fraunhofer Institute for Laser Technology', 'country_name': 'Germany'}]",Stoyanov,,Stoyan Stoyanov,https://app.dimensions.ai/discover/publication?and_facet_researcher=ur.012057122074.32
Georg,ur.013230367704.83,5,"[{'id': 'grid.461628.f', 'acronym': 'ILT', 'name': 'Fraunhofer Institute for Laser Technology', 'country_name': 'Germany'}, {'id': 'grid.5949.1', 'acronym': 'WWU', 'name': 'University of Münster', 'country_name': 'Germany'}, {'id': 'grid.7704.4', 'name': 'University of Bremen', 'country_name': 'Germany'}]",Vossen,,Georg Vossen,https://app.dimensions.ai/discover/publication?and_facet_researcher=ur.013230367704.83
Holger,ur.014530457471.42,5,"[{'id': 'grid.461628.f', 'acronym': 'ILT', 'name': 'Fraunhofer Institute for Laser Technology', 'country_name': 'Germany'}]",Bette,,Holger Bette,https://app.dimensions.ai/discover/publication?and_facet_researcher=ur.014530457471.42
David,ur.015707520423.21,5,"[{'id': 'grid.461628.f', 'acronym': 'ILT', 'name': 'Fraunhofer Institute for Laser Technology', 'country_name': 'Germany'}]",Rubel,,David Rubel,https://app.dimensions.ai/discover/publication?and_facet_researcher=ur.015707520423.21
Andreas,ur.013524411731.18,5,"[{'id': 'grid.461628.f', 'acronym': 'ILT', 'name': 'Fraunhofer Institute for Laser Technology', 'country_name': 'Germany'}]",Dohrn,,Andreas Dohrn,https://app.dimensions.ai/discover/publication?and_facet_researcher=ur.013524411731.18
Bernd,ur.016020466411.22,5,"[{'id': 'grid.461628.f', 'acronym': 'ILT', 'name': 'Fraunhofer Institute for Laser Technology', 'country_name': 'Germany'}]",Seidel,,Bernd Seidel,https://app.dimensions.ai/discover/publication?and_facet_researcher=ur.016020466411.22
Sabrina,ur.010514634675.31,5,"[{'id': 'grid.461628.f', 'acronym': 'ILT', 'name': 'Fraunhofer Institute for Laser Technology', 'country_name': 'Germany'}]",Vogt,,Sabrina Vogt,https://app.dimensions.ai/discover/publication?and_facet_researcher=ur.010514634675.31
Rebar,ur.012524522602.05,5,"[{'id': 'grid.461628.f', 'acronym': 'ILT', 'name': 'Fraunhofer Institute for Laser Technology', 'country_name': 'Germany'}]",Hama-Saleh,,Rebar Hama-Saleh,https://app.dimensions.ai/discover/publication?and_facet_researcher=ur.012524522602.05
Wolfgang,ur.011004152350.83,5,"[{'id': 'grid.461628.f', 'acronym': 'ILT', 'name': 'Fraunhofer Institute for Laser Technology', 'country_name': 'Germany'}]",Fiedler,,Wolfgang Fiedler,https://app.dimensions.ai/discover/publication?and_facet_researcher=ur.011004152350.83
Christian,ur.010357546722.67,5,"[{'id': 'grid.461628.f', 'acronym': 'ILT', 'name': 'Fraunhofer Institute for Laser Technology', 'country_name': 'Germany'}]",Wessling,,Christian Wessling,https://app.dimensions.ai/discover/publication?and_facet_researcher=ur.010357546722.67
Felix,ur.011537602270.54,5,"[{'id': 'grid.461628.f', 'acronym': 'ILT', 'name': 'Fraunhofer Institute for Laser Technology', 'country_name': 'Germany'}]",Küpper,,Felix Küpper,https://app.dimensions.ai/discover/publication?and_facet_researcher=ur.011537602270.54
Tobias,ur.01217042224.12,5,"[{'id': 'grid.214458.e', 'acronym': 'UM', 'name': 'University of Michigan', 'country_name': 'United States'}, {'id': 'grid.461628.f', 'acronym': 'ILT', 'name': 'Fraunhofer Institute for Laser Technology', 'country_name': 'Germany'}]",Wirtz,,Tobias Wirtz,https://app.dimensions.ai/discover/publication?and_facet_researcher=ur.01217042224.12
D,ur.0635031405.25,5,"[{'id': 'grid.461628.f', 'acronym': 'ILT', 'name': 'Fraunhofer Institute for Laser Technology', 'country_name': 'Germany'}, {'id': 'grid.1957.a', 'acronym': 'RWTH', 'name': 'RWTH Aachen University', 'country_name': 'Germany'}]",Rothweiler,,D Rothweiler,https://app.dimensions.ai/discover/publication?and_facet_researcher=ur.0635031405.25
Norbert,ur.014735754256.93,4,"[{'id': 'grid.461628.f', 'acronym': 'ILT', 'name': 'Fraunhofer Institute for Laser Technology', 'country_name': 'Germany'}]",Wolf,,Norbert Wolf,https://app.dimensions.ai/discover/publication?and_facet_researcher=ur.014735754256.93
Markus,ur.012245627116.43,4,"[{'id': 'grid.461628.f', 'acronym': 'ILT', 'name': 'Fraunhofer Institute for Laser Technology', 'country_name': 'Germany'}]",Roehner,,Markus Roehner,https://app.dimensions.ai/discover/publication?and_facet_researcher=ur.012245627116.43
Maximilian,ur.013667446263.26,4,"[{'id': 'grid.461628.f', 'acronym': 'ILT', 'name': 'Fraunhofer Institute for Laser Technology', 'country_name': 'Germany'}]",Brosda,,Maximilian Brosda,https://app.dimensions.ai/discover/publication?and_facet_researcher=ur.013667446263.26
Simon,ur.016523643271.35,4,"[{'id': 'grid.461628.f', 'acronym': 'ILT', 'name': 'Fraunhofer Institute for Laser Technology', 'country_name': 'Germany'}]",Merkt,,Simon Merkt,https://app.dimensions.ai/discover/publication?and_facet_researcher=ur.016523643271.35
Jörn,ur.010701525143.49,4,"[{'id': 'grid.461628.f', 'acronym': 'ILT', 'name': 'Fraunhofer Institute for Laser Technology', 'country_name': 'Germany'}]",Miesner,,Jörn Miesner,https://app.dimensions.ai/discover/publication?and_facet_researcher=ur.010701525143.49
Philipp,ur.010003605355.19,4,"[{'id': 'grid.461628.f', 'acronym': 'ILT', 'name': 'Fraunhofer Institute for Laser Technology', 'country_name': 'Germany'}]",Kucirek,,Philipp Kucirek,https://app.dimensions.ai/discover/publication?and_facet_researcher=ur.010003605355.19
Thorsten,ur.010575524364.07,4,"[{'id': 'grid.461628.f', 'acronym': 'ILT', 'name': 'Fraunhofer Institute for Laser Technology', 'country_name': 'Germany'}]",Kramer,,Thorsten Kramer,https://app.dimensions.ai/discover/publication?and_facet_researcher=ur.010575524364.07
Sven,ur.012236107034.44,4,"[{'id': 'grid.461628.f', 'acronym': 'ILT', 'name': 'Fraunhofer Institute for Laser Technology', 'country_name': 'Germany'}]",Probst,,Sven Probst,https://app.dimensions.ai/discover/publication?and_facet_researcher=ur.012236107034.44
Heidrun,ur.014404231035.97,4,"[{'id': 'grid.461628.f', 'acronym': 'ILT', 'name': 'Fraunhofer Institute for Laser Technology', 'country_name': 'Germany'}]",Kind,,Heidrun Kind,https://app.dimensions.ai/discover/publication?and_facet_researcher=ur.014404231035.97
John,ur.014336767634.41,4,"[{'id': 'grid.461628.f', 'acronym': 'ILT', 'name': 'Fraunhofer Institute for Laser Technology', 'country_name': 'Germany'}]",Flemmer,,John Flemmer,https://app.dimensions.ai/discover/publication?and_facet_researcher=ur.014336767634.41
Moritz,ur.015207462070.30,4,"[{'id': 'grid.461628.f', 'acronym': 'ILT', 'name': 'Fraunhofer Institute for Laser Technology', 'country_name': 'Germany'}, {'id': 'grid.1957.a', 'acronym': 'RWTH', 'name': 'RWTH Aachen University', 'country_name': 'Germany'}]",Küpper,,Moritz Küpper,https://app.dimensions.ai/discover/publication?and_facet_researcher=ur.015207462070.30
Stephan,ur.012552017326.54,4,"[{'id': 'grid.461628.f', 'acronym': 'ILT', 'name': 'Fraunhofer Institute for Laser Technology', 'country_name': 'Germany'}]",Eifel,,Stephan Eifel,https://app.dimensions.ai/discover/publication?and_facet_researcher=ur.012552017326.54
Andreas,ur.012516300347.52,4,"[{'id': 'grid.461628.f', 'acronym': 'ILT', 'name': 'Fraunhofer Institute for Laser Technology', 'country_name': 'Germany'}]",Rösner,,Andreas Rösner,https://app.dimensions.ai/discover/publication?and_facet_researcher=ur.012516300347.52
Lisa,ur.0613466666.02,4,"[{'id': 'grid.461628.f', 'acronym': 'ILT', 'name': 'Fraunhofer Institute for Laser Technology', 'country_name': 'Germany'}]",Bürgermeister,,Lisa Bürgermeister,https://app.dimensions.ai/discover/publication?and_facet_researcher=ur.0613466666.02
W,ur.07620621173.65,4,"[{'id': 'grid.461628.f', 'acronym': 'ILT', 'name': 'Fraunhofer Institute for Laser Technology', 'country_name': 'Germany'}]",Gatzweiler,,W Gatzweiler,https://app.dimensions.ai/discover/publication?and_facet_researcher=ur.07620621173.65
Norbert,ur.011013042603.06,4,"[{'id': 'grid.461628.f', 'acronym': 'ILT', 'name': 'Fraunhofer Institute for Laser Technology', 'country_name': 'Germany'}]",Wolf,,Norbert Wolf,https://app.dimensions.ai/discover/publication?and_facet_researcher=ur.011013042603.06
Matthias,ur.015462303042.28,4,"[{'id': 'grid.461628.f', 'acronym': 'ILT', 'name': 'Fraunhofer Institute for Laser Technology', 'country_name': 'Germany'}]",Winzen,,Matthias Winzen,https://app.dimensions.ai/discover/publication?and_facet_researcher=ur.015462303042.28
Gilbert,ur.011023616071.22,4,"[{'id': 'grid.461628.f', 'acronym': 'ILT', 'name': 'Fraunhofer Institute for Laser Technology', 'country_name': 'Germany'}]",Vitr,,Gilbert Vitr,https://app.dimensions.ai/discover/publication?and_facet_researcher=ur.011023616071.22
Max,ur.016513167521.33,4,"[{'id': 'grid.461628.f', 'acronym': 'ILT', 'name': 'Fraunhofer Institute for Laser Technology', 'country_name': 'Germany'}]",Funck,,Max Funck,https://app.dimensions.ai/discover/publication?and_facet_researcher=ur.016513167521.33
Thomas,ur.010356241755.64,4,"[{'id': 'grid.461628.f', 'acronym': 'ILT', 'name': 'Fraunhofer Institute for Laser Technology', 'country_name': 'Germany'}]",Ebert,,Thomas Ebert,https://app.dimensions.ai/discover/publication?and_facet_researcher=ur.010356241755.64
Joachim,ur.015420260735.76,4,"[{'id': 'grid.461628.f', 'acronym': 'ILT', 'name': 'Fraunhofer Institute for Laser Technology', 'country_name': 'Germany'}]",Franek,,Joachim Franek,https://app.dimensions.ai/discover/publication?and_facet_researcher=ur.015420260735.76
Fabian,ur.0742272666.24,4,"[{'id': 'grid.461628.f', 'acronym': 'ILT', 'name': 'Fraunhofer Institute for Laser Technology', 'country_name': 'Germany'}]",Gaussmann,,Fabian Gaussmann,https://app.dimensions.ai/discover/publication?and_facet_researcher=ur.0742272666.24
Mark,ur.015371775302.72,4,"[{'id': 'grid.461628.f', 'acronym': 'ILT', 'name': 'Fraunhofer Institute for Laser Technology', 'country_name': 'Germany'}]",Haverkamp,,Mark Haverkamp,https://app.dimensions.ai/discover/publication?and_facet_researcher=ur.015371775302.72
Stefanie,ur.012044447344.40,4,"[{'id': 'grid.461628.f', 'acronym': 'ILT', 'name': 'Fraunhofer Institute for Laser Technology', 'country_name': 'Germany'}]",Linnenbrink,,Stefanie Linnenbrink,https://app.dimensions.ai/discover/publication?and_facet_researcher=ur.012044447344.40
Jorg,ur.012577300543.76,4,"[{'id': 'grid.461628.f', 'acronym': 'ILT', 'name': 'Fraunhofer Institute for Laser Technology', 'country_name': 'Germany'}]",Beersiek,,Jorg Beersiek,https://app.dimensions.ai/discover/publication?and_facet_researcher=ur.012577300543.76
Udo,ur.013333527704.41,3,"[{'id': 'grid.461628.f', 'acronym': 'ILT', 'name': 'Fraunhofer Institute for Laser Technology', 'country_name': 'Germany'}]",Wolff,,Udo Wolff,https://app.dimensions.ai/discover/publication?and_facet_researcher=ur.013333527704.41
Marcus,ur.011326655423.69,3,"[{'id': 'grid.461628.f', 'acronym': 'ILT', 'name': 'Fraunhofer Institute for Laser Technology', 'country_name': 'Germany'}]",Hamann,,Marcus Hamann,https://app.dimensions.ai/discover/publication?and_facet_researcher=ur.011326655423.69
Andre,ur.013753635516.18,3,"[{'id': 'grid.461628.f', 'acronym': 'ILT', 'name': 'Fraunhofer Institute for Laser Technology', 'country_name': 'Germany'}]",Palmen,,Andre Palmen,https://app.dimensions.ai/discover/publication?and_facet_researcher=ur.013753635516.18
Ludger,ur.012411410326.29,3,"[{'id': 'grid.461628.f', 'acronym': 'ILT', 'name': 'Fraunhofer Institute for Laser Technology', 'country_name': 'Germany'}]",Bosse,,Ludger Bosse,https://app.dimensions.ai/discover/publication?and_facet_researcher=ur.012411410326.29
S,ur.011426124167.80,3,"[{'id': 'grid.461628.f', 'acronym': 'ILT', 'name': 'Fraunhofer Institute for Laser Technology', 'country_name': 'Germany'}]",Beil,,S Beil,https://app.dimensions.ai/discover/publication?and_facet_researcher=ur.011426124167.80
Holger,ur.015660671413.54,3,"[{'id': 'grid.461628.f', 'acronym': 'ILT', 'name': 'Fraunhofer Institute for Laser Technology', 'country_name': 'Germany'}]",Leonards,,Holger Leonards,https://app.dimensions.ai/discover/publication?and_facet_researcher=ur.015660671413.54
S,ur.013165263521.05,3,"[{'id': 'grid.461628.f', 'acronym': 'ILT', 'name': 'Fraunhofer Institute for Laser Technology', 'country_name': 'Germany'}]",Pflüger,,S Pflüger,https://app.dimensions.ai/discover/publication?and_facet_researcher=ur.013165263521.05
Stefan,ur.014117401233.05,3,"[{'id': 'grid.461628.f', 'acronym': 'ILT', 'name': 'Fraunhofer Institute for Laser Technology', 'country_name': 'Germany'}]",Mann,,Stefan Mann,https://app.dimensions.ai/discover/publication?and_facet_researcher=ur.014117401233.05
Christof,ur.011252317017.39,3,"[{'id': 'grid.461628.f', 'acronym': 'ILT', 'name': 'Fraunhofer Institute for Laser Technology', 'country_name': 'Germany'}]",Rieck,,Christof Rieck,https://app.dimensions.ai/discover/publication?and_facet_researcher=ur.011252317017.39
Peter,ur.01035211602.51,3,"[{'id': 'grid.461628.f', 'acronym': 'ILT', 'name': 'Fraunhofer Institute for Laser Technology', 'country_name': 'Germany'}]",Jander,,Peter Jander,https://app.dimensions.ai/discover/publication?and_facet_researcher=ur.01035211602.51
Mario,ur.012227210613.14,3,"[{'id': 'grid.461628.f', 'acronym': 'ILT', 'name': 'Fraunhofer Institute for Laser Technology', 'country_name': 'Germany'}]",Isermann,,Mario Isermann,https://app.dimensions.ai/discover/publication?and_facet_researcher=ur.012227210613.14
M,ur.015055161715.23,3,"[{'id': 'grid.461628.f', 'acronym': 'ILT', 'name': 'Fraunhofer Institute for Laser Technology', 'country_name': 'Germany'}]",Vierkoetter,,M Vierkoetter,https://app.dimensions.ai/discover/publication?and_facet_researcher=ur.015055161715.23
Christian,ur.012041213254.63,3,"[{'id': 'grid.461628.f', 'acronym': 'ILT', 'name': 'Fraunhofer Institute for Laser Technology', 'country_name': 'Germany'}]",Tenbrock,,Christian Tenbrock,https://app.dimensions.ai/discover/publication?and_facet_researcher=ur.012041213254.63
Rudolph,ur.014160431067.77,3,"[{'id': 'grid.461628.f', 'acronym': 'ILT', 'name': 'Fraunhofer Institute for Laser Technology', 'country_name': 'Germany'}]",Meyer,,Rudolph Meyer,https://app.dimensions.ai/discover/publication?and_facet_researcher=ur.014160431067.77
Bernhard,ur.016671703612.27,3,"[{'id': 'grid.461628.f', 'acronym': 'ILT', 'name': 'Fraunhofer Institute for Laser Technology', 'country_name': 'Germany'}, {'id': 'grid.1957.a', 'acronym': 'RWTH', 'name': 'RWTH Aachen University', 'country_name': 'Germany'}]",Ollier,,Bernhard Ollier,https://app.dimensions.ai/discover/publication?and_facet_researcher=ur.016671703612.27
Christian,ur.012715016763.26,3,"[{'id': 'grid.461628.f', 'acronym': 'ILT', 'name': 'Fraunhofer Institute for Laser Technology', 'country_name': 'Germany'}]",Nüsser,,Christian Nüsser,https://app.dimensions.ai/discover/publication?and_facet_researcher=ur.012715016763.26
H,ur.012526725303.26,3,"[{'id': 'grid.461628.f', 'acronym': 'ILT', 'name': 'Fraunhofer Institute for Laser Technology', 'country_name': 'Germany'}]",Oebels,,H Oebels,https://app.dimensions.ai/discover/publication?and_facet_researcher=ur.012526725303.26
Raphael,ur.010102523207.60,3,"[{'id': 'grid.461628.f', 'acronym': 'ILT', 'name': 'Fraunhofer Institute for Laser Technology', 'country_name': 'Germany'}]",Rolser,,Raphael Rolser,https://app.dimensions.ai/discover/publication?and_facet_researcher=ur.010102523207.60
W,ur.010542605434.62,3,"[{'id': 'grid.461628.f', 'acronym': 'ILT', 'name': 'Fraunhofer Institute for Laser Technology', 'country_name': 'Germany'}]",Nöldechen,,W Nöldechen,https://app.dimensions.ai/discover/publication?and_facet_researcher=ur.010542605434.62
Henrik,ur.016144157116.04,3,"[{'id': 'grid.461628.f', 'acronym': 'ILT', 'name': 'Fraunhofer Institute for Laser Technology', 'country_name': 'Germany'}]",Staub,,Henrik Staub,https://app.dimensions.ai/discover/publication?and_facet_researcher=ur.016144157116.04
Herbert,ur.0575760777.17,3,"[{'id': 'grid.461628.f', 'acronym': 'ILT', 'name': 'Fraunhofer Institute for Laser Technology', 'country_name': 'Germany'}]",Balzer,,Herbert Balzer,https://app.dimensions.ai/discover/publication?and_facet_researcher=ur.0575760777.17
H,ur.010052057436.10,3,"[{'id': 'grid.461628.f', 'acronym': 'ILT', 'name': 'Fraunhofer Institute for Laser Technology', 'country_name': 'Germany'}]",Zefferer,,H Zefferer,https://app.dimensions.ai/discover/publication?and_facet_researcher=ur.010052057436.10
Reinhard,ur.014004413461.35,3,"[{'id': 'grid.461628.f', 'acronym': 'ILT', 'name': 'Fraunhofer Institute for Laser Technology', 'country_name': 'Germany'}]",Poprawe,,Reinhard Poprawe,https://app.dimensions.ai/discover/publication?and_facet_researcher=ur.014004413461.35
M,ur.016221346156.27,3,"[{'id': 'grid.461628.f', 'acronym': 'ILT', 'name': 'Fraunhofer Institute for Laser Technology', 'country_name': 'Germany'}]",Herper,,M Herper,https://app.dimensions.ai/discover/publication?and_facet_researcher=ur.016221346156.27
Jochen,ur.013507632637.45,3,"[{'id': 'grid.461628.f', 'acronym': 'ILT', 'name': 'Fraunhofer Institute for Laser Technology', 'country_name': 'Germany'}]",Vieker,,Jochen Vieker,https://app.dimensions.ai/discover/publication?and_facet_researcher=ur.013507632637.45
Elmar,ur.010266060161.51,3,"[{'id': 'grid.461628.f', 'acronym': 'ILT', 'name': 'Fraunhofer Institute for Laser Technology', 'country_name': 'Germany'}]",Gehlen,,Elmar Gehlen,https://app.dimensions.ai/discover/publication?and_facet_researcher=ur.010266060161.51
Niels,ur.01136501121.82,3,"[{'id': 'grid.461628.f', 'acronym': 'ILT', 'name': 'Fraunhofer Institute for Laser Technology', 'country_name': 'Germany'}]",Krauch,,Niels Krauch,https://app.dimensions.ai/discover/publication?and_facet_researcher=ur.01136501121.82
Alexander,ur.010714402741.54,3,"[{'id': 'grid.461628.f', 'acronym': 'ILT', 'name': 'Fraunhofer Institute for Laser Technology', 'country_name': 'Germany'}]",Bayer,,Alexander Bayer,https://app.dimensions.ai/discover/publication?and_facet_researcher=ur.010714402741.54
Ingo,ur.013407157725.42,3,"[{'id': 'grid.461628.f', 'acronym': 'ILT', 'name': 'Fraunhofer Institute for Laser Technology', 'country_name': 'Germany'}]",Bauer,,Ingo Bauer,https://app.dimensions.ai/discover/publication?and_facet_researcher=ur.013407157725.42
Angelo,ur.013517177023.09,3,"[{'id': 'grid.461628.f', 'acronym': 'ILT', 'name': 'Fraunhofer Institute for Laser Technology', 'country_name': 'Germany'}]",Di Meo,,Angelo Di Meo,https://app.dimensions.ai/discover/publication?and_facet_researcher=ur.013517177023.09
Rolf,ur.015125747217.48,2,"[{'id': 'grid.461628.f', 'acronym': 'ILT', 'name': 'Fraunhofer Institute for Laser Technology', 'country_name': 'Germany'}]",Schafer,,Rolf Schafer,https://app.dimensions.ai/discover/publication?and_facet_researcher=ur.015125747217.48
H,ur.010741001146.27,2,"[{'id': 'grid.461628.f', 'acronym': 'ILT', 'name': 'Fraunhofer Institute for Laser Technology', 'country_name': 'Germany'}]",Schlüter,,H Schlüter,https://app.dimensions.ai/discover/publication?and_facet_researcher=ur.010741001146.27
Judith,ur.012175340375.16,2,"[{'id': 'grid.461628.f', 'acronym': 'ILT', 'name': 'Fraunhofer Institute for Laser Technology', 'country_name': 'Germany'}]",Kumstel,,Judith Kumstel,https://app.dimensions.ai/discover/publication?and_facet_researcher=ur.012175340375.16
Daniel,ur.016466431343.77,2,"[{'id': 'grid.461628.f', 'acronym': 'ILT', 'name': 'Fraunhofer Institute for Laser Technology', 'country_name': 'Germany'}]",Oberbeckmann,,Daniel Oberbeckmann,https://app.dimensions.ai/discover/publication?and_facet_researcher=ur.016466431343.77
J,ur.014743600663.39,2,"[{'id': 'grid.461628.f', 'acronym': 'ILT', 'name': 'Fraunhofer Institute for Laser Technology', 'country_name': 'Germany'}]",Klein,,J Klein,https://app.dimensions.ai/discover/publication?and_facet_researcher=ur.014743600663.39
Maximilian,ur.011326251140.46,2,"[{'id': 'grid.461628.f', 'acronym': 'ILT', 'name': 'Fraunhofer Institute for Laser Technology', 'country_name': 'Germany'}]",Schniedenharn,,Maximilian Schniedenharn,https://app.dimensions.ai/discover/publication?and_facet_researcher=ur.011326251140.46
H,ur.014646613115.23,2,"[{'id': 'grid.461628.f', 'acronym': 'ILT', 'name': 'Fraunhofer Institute for Laser Technology', 'country_name': 'Germany'}]",Aehling,,H Aehling,https://app.dimensions.ai/discover/publication?and_facet_researcher=ur.014646613115.23
F,ur.014324447274.03,2,"[{'id': 'grid.461628.f', 'acronym': 'ILT', 'name': 'Fraunhofer Institute for Laser Technology', 'country_name': 'Germany'}]",Schulze,,F Schulze,https://app.dimensions.ai/discover/publication?and_facet_researcher=ur.014324447274.03
Kristin,ur.010431434327.28,2,"[{'id': 'grid.461628.f', 'acronym': 'ILT', 'name': 'Fraunhofer Institute for Laser Technology', 'country_name': 'Germany'}]",Wieching,,Kristin Wieching,https://app.dimensions.ai/discover/publication?and_facet_researcher=ur.010431434327.28
J,ur.010343320015.50,2,"[{'id': 'grid.461628.f', 'acronym': 'ILT', 'name': 'Fraunhofer Institute for Laser Technology', 'country_name': 'Germany'}]",Barthel,,J Barthel,https://app.dimensions.ai/discover/publication?and_facet_researcher=ur.010343320015.50
Oliver,ur.013335446362.26,2,"[{'id': 'grid.461628.f', 'acronym': 'ILT', 'name': 'Fraunhofer Institute for Laser Technology', 'country_name': 'Germany'}]",Klein,,Oliver Klein,https://app.dimensions.ai/discover/publication?and_facet_researcher=ur.013335446362.26
Patrick,ur.014113764735.88,2,"[{'id': 'grid.461628.f', 'acronym': 'ILT', 'name': 'Fraunhofer Institute for Laser Technology', 'country_name': 'Germany'}]",Baer,,Patrick Baer,https://app.dimensions.ai/discover/publication?and_facet_researcher=ur.014113764735.88
H,ur.014033631763.97,2,"[{'id': 'grid.461628.f', 'acronym': 'ILT', 'name': 'Fraunhofer Institute for Laser Technology', 'country_name': 'Germany'}, {'id': 'grid.1957.a', 'acronym': 'RWTH', 'name': 'RWTH Aachen University', 'country_name': 'Germany'}]",Staubach,,H Staubach,https://app.dimensions.ai/discover/publication?and_facet_researcher=ur.014033631763.97
Peter,ur.016145270305.72,2,"[{'id': 'grid.461628.f', 'acronym': 'ILT', 'name': 'Fraunhofer Institute for Laser Technology', 'country_name': 'Germany'}]",Roth,,Peter Roth,https://app.dimensions.ai/discover/publication?and_facet_researcher=ur.016145270305.72
Otto,ur.016214351003.74,2,"[{'id': 'grid.461628.f', 'acronym': 'ILT', 'name': 'Fraunhofer Institute for Laser Technology', 'country_name': 'Germany'}]",Maerten,,Otto Maerten,https://app.dimensions.ai/discover/publication?and_facet_researcher=ur.016214351003.74
Jan,ur.011710454043.27,2,"[{'id': 'grid.461628.f', 'acronym': 'ILT', 'name': 'Fraunhofer Institute for Laser Technology', 'country_name': 'Germany'}]",Wilkes,,Jan Wilkes,https://app.dimensions.ai/discover/publication?and_facet_researcher=ur.011710454043.27
Oliver,ur.014244267674.85,2,"[{'id': 'grid.461628.f', 'acronym': 'ILT', 'name': 'Fraunhofer Institute for Laser Technology', 'country_name': 'Germany'}]",Nottrodt,,Oliver Nottrodt,https://app.dimensions.ai/discover/publication?and_facet_researcher=ur.014244267674.85
S,ur.016113205135.08,2,"[{'id': 'grid.461628.f', 'acronym': 'ILT', 'name': 'Fraunhofer Institute for Laser Technology', 'country_name': 'Germany'}]",Gausmann,,S Gausmann,https://app.dimensions.ai/discover/publication?and_facet_researcher=ur.016113205135.08
A,ur.015315624535.01,2,"[{'id': 'grid.461628.f', 'acronym': 'ILT', 'name': 'Fraunhofer Institute for Laser Technology', 'country_name': 'Germany'}]",Hartung,,A Hartung,https://app.dimensions.ai/discover/publication?and_facet_researcher=ur.015315624535.01
Hendrik,ur.015211034231.08,2,"[{'id': 'grid.461628.f', 'acronym': 'ILT', 'name': 'Fraunhofer Institute for Laser Technology', 'country_name': 'Germany'}]",Sändker,,Hendrik Sändker,https://app.dimensions.ai/discover/publication?and_facet_researcher=ur.015211034231.08
Michael,ur.016067306313.66,2,"[{'id': 'grid.461628.f', 'acronym': 'ILT', 'name': 'Fraunhofer Institute for Laser Technology', 'country_name': 'Germany'}]",Schlösser,,Michael Schlösser,https://app.dimensions.ai/discover/publication?and_facet_researcher=ur.016067306313.66
Johannes,ur.013702676230.94,2,"[{'id': 'grid.461628.f', 'acronym': 'ILT', 'name': 'Fraunhofer Institute for Laser Technology', 'country_name': 'Germany'}]",Eckstaedt,,Johannes Eckstaedt,https://app.dimensions.ai/discover/publication?and_facet_researcher=ur.013702676230.94
Jens,ur.012710242661.24,2,"[{'id': 'grid.461628.f', 'acronym': 'ILT', 'name': 'Fraunhofer Institute for Laser Technology', 'country_name': 'Germany'}]",Schüttler,,Jens Schüttler,https://app.dimensions.ai/discover/publication?and_facet_researcher=ur.012710242661.24
Daniel,ur.01361051104.91,2,"[{'id': 'grid.461628.f', 'acronym': 'ILT', 'name': 'Fraunhofer Institute for Laser Technology', 'country_name': 'Germany'}]",Schnitzler,,Daniel Schnitzler,https://app.dimensions.ai/discover/publication?and_facet_researcher=ur.01361051104.91
Rudolf,ur.016217213631.71,2,"[{'id': 'grid.461628.f', 'acronym': 'ILT', 'name': 'Fraunhofer Institute for Laser Technology', 'country_name': 'Germany'}]",Meyer,,Rudolf Meyer,https://app.dimensions.ai/discover/publication?and_facet_researcher=ur.016217213631.71
Jan,ur.01346472205.71,2,"[{'id': 'grid.461628.f', 'acronym': 'ILT', 'name': 'Fraunhofer Institute for Laser Technology', 'country_name': 'Germany'}]",Caron,,Jan Caron,https://app.dimensions.ai/discover/publication?and_facet_researcher=ur.01346472205.71
G,ur.01344265223.52,2,"[{'id': 'grid.461628.f', 'acronym': 'ILT', 'name': 'Fraunhofer Institute for Laser Technology', 'country_name': 'Germany'}]",Meineke,,G Meineke,https://app.dimensions.ai/discover/publication?and_facet_researcher=ur.01344265223.52
Vahid Nazery,ur.013752621075.42,2,"[{'id': 'grid.461628.f', 'acronym': 'ILT', 'name': 'Fraunhofer Institute for Laser Technology', 'country_name': 'Germany'}]",Goneghany,,Vahid Nazery Goneghany,https://app.dimensions.ai/discover/publication?and_facet_researcher=ur.013752621075.42
Joachim,ur.014606245675.64,2,"[{'id': 'grid.461628.f', 'acronym': 'ILT', 'name': 'Fraunhofer Institute for Laser Technology', 'country_name': 'Germany'}]",Hertzberg,,Joachim Hertzberg,https://app.dimensions.ai/discover/publication?and_facet_researcher=ur.014606245675.64
Alp,ur.012605475526.44,2,"[{'id': 'grid.461628.f', 'acronym': 'ILT', 'name': 'Fraunhofer Institute for Laser Technology', 'country_name': 'Germany'}, {'id': 'grid.1957.a', 'acronym': 'RWTH', 'name': 'RWTH Aachen University', 'country_name': 'Germany'}]",Özmert,,Alp Özmert,https://app.dimensions.ai/discover/publication?and_facet_researcher=ur.012605475526.44
Manuela,ur.01074551177.20,2,"[{'id': 'grid.461628.f', 'acronym': 'ILT', 'name': 'Fraunhofer Institute for Laser Technology', 'country_name': 'Germany'}]",Hoehne,,Manuela Hoehne,https://app.dimensions.ai/discover/publication?and_facet_researcher=ur.01074551177.20
Thomas,ur.013044624564.90,2,"[{'id': 'grid.461628.f', 'acronym': 'ILT', 'name': 'Fraunhofer Institute for Laser Technology', 'country_name': 'Germany'}]",Schwarz,,Thomas Schwarz,https://app.dimensions.ai/discover/publication?and_facet_researcher=ur.013044624564.90
B,ur.015666623225.96,2,"[{'id': 'grid.461628.f', 'acronym': 'ILT', 'name': 'Fraunhofer Institute for Laser Technology', 'country_name': 'Germany'}]",Holtgen,,B Holtgen,https://app.dimensions.ai/discover/publication?and_facet_researcher=ur.015666623225.96
Enno,ur.010017452633.84,2,"[{'id': 'grid.461628.f', 'acronym': 'ILT', 'name': 'Fraunhofer Institute for Laser Technology', 'country_name': 'Germany'}]",Pawlowski,,Enno Pawlowski,https://app.dimensions.ai/discover/publication?and_facet_researcher=ur.010017452633.84
Malte,ur.013617733165.09,2,"[{'id': 'grid.461628.f', 'acronym': 'ILT', 'name': 'Fraunhofer Institute for Laser Technology', 'country_name': 'Germany'}]",Schulz-Ruthenberg,,Malte Schulz-Ruthenberg,https://app.dimensions.ai/discover/publication?and_facet_researcher=ur.013617733165.09
Carsten,ur.012231006261.90,2,"[{'id': 'grid.461628.f', 'acronym': 'ILT', 'name': 'Fraunhofer Institute for Laser Technology', 'country_name': 'Germany'}]",Johnigk,,Carsten Johnigk,https://app.dimensions.ai/discover/publication?and_facet_researcher=ur.012231006261.90
Ingo,ur.010700233113.75,2,"[{'id': 'grid.461628.f', 'acronym': 'ILT', 'name': 'Fraunhofer Institute for Laser Technology', 'country_name': 'Germany'}]",Moench,,Ingo Moench,https://app.dimensions.ai/discover/publication?and_facet_researcher=ur.010700233113.75
Kai-Uwe,ur.016346467211.61,2,"[{'id': 'grid.461628.f', 'acronym': 'ILT', 'name': 'Fraunhofer Institute for Laser Technology', 'country_name': 'Germany'}]",Preissig,,Kai-Uwe Preissig,https://app.dimensions.ai/discover/publication?and_facet_researcher=ur.016346467211.61
Paul,ur.015715051634.08,2,"[{'id': 'grid.461628.f', 'acronym': 'ILT', 'name': 'Fraunhofer Institute for Laser Technology', 'country_name': 'Germany'}]",Heinen,,Paul Heinen,https://app.dimensions.ai/discover/publication?and_facet_researcher=ur.015715051634.08
B,ur.010474472234.19,2,"[{'id': 'grid.461628.f', 'acronym': 'ILT', 'name': 'Fraunhofer Institute for Laser Technology', 'country_name': 'Germany'}, {'id': 'grid.6936.a', 'acronym': 'TUM', 'name': 'Technical University Munich', 'country_name': 'Germany'}]",Läßiger,,B Läßiger,https://app.dimensions.ai/discover/publication?and_facet_researcher=ur.010474472234.19
Jens,ur.011631427316.13,2,"[{'id': 'grid.461628.f', 'acronym': 'ILT', 'name': 'Fraunhofer Institute for Laser Technology', 'country_name': 'Germany'}]",Poehler,,Jens Poehler,https://app.dimensions.ai/discover/publication?and_facet_researcher=ur.011631427316.13
Juergen,ur.015753256234.95,2,"[{'id': 'grid.461628.f', 'acronym': 'ILT', 'name': 'Fraunhofer Institute for Laser Technology', 'country_name': 'Germany'}]",Klein,,Juergen Klein,https://app.dimensions.ai/discover/publication?and_facet_researcher=ur.015753256234.95
Jörg,ur.010211530347.91,2,"[{'id': 'grid.461628.f', 'acronym': 'ILT', 'name': 'Fraunhofer Institute for Laser Technology', 'country_name': 'Germany'}]",Diettrich,,Jörg Diettrich,https://app.dimensions.ai/discover/publication?and_facet_researcher=ur.010211530347.91
Alexander,ur.013631654013.38,2,"[{'id': 'grid.461628.f', 'acronym': 'ILT', 'name': 'Fraunhofer Institute for Laser Technology', 'country_name': 'Germany'}]",Gatej,,Alexander Gatej,https://app.dimensions.ai/discover/publication?and_facet_researcher=ur.013631654013.38
Cristian-Alexander,ur.01300357005.87,2,"[{'id': 'grid.461628.f', 'acronym': 'ILT', 'name': 'Fraunhofer Institute for Laser Technology', 'country_name': 'Germany'}]",Tulea,,Cristian-Alexander Tulea,https://app.dimensions.ai/discover/publication?and_facet_researcher=ur.01300357005.87
F J,ur.011213562173.92,2,"[{'id': 'grid.461628.f', 'acronym': 'ILT', 'name': 'Fraunhofer Institute for Laser Technology', 'country_name': 'Germany'}]",Faber,,F J Faber,https://app.dimensions.ai/discover/publication?and_facet_researcher=ur.011213562173.92
P,ur.010431051063.17,2,"[{'id': 'grid.461628.f', 'acronym': 'ILT', 'name': 'Fraunhofer Institute for Laser Technology', 'country_name': 'Germany'}]",Usedom,,P Usedom,https://app.dimensions.ai/discover/publication?and_facet_researcher=ur.010431051063.17
F,ur.011122205221.17,2,"[{'id': 'grid.461628.f', 'acronym': 'ILT', 'name': 'Fraunhofer Institute for Laser Technology', 'country_name': 'Germany'}]",Schneider,,F Schneider,https://app.dimensions.ai/discover/publication?and_facet_researcher=ur.011122205221.17
Peter,ur.013224652441.21,2,"[{'id': 'grid.461628.f', 'acronym': 'ILT', 'name': 'Fraunhofer Institute for Laser Technology', 'country_name': 'Germany'}]",Rusbuldt,,Peter Rusbuldt,https://app.dimensions.ai/discover/publication?and_facet_researcher=ur.013224652441.21
Arnd,ur.015452226260.36,2,"[{'id': 'grid.461628.f', 'acronym': 'ILT', 'name': 'Fraunhofer Institute for Laser Technology', 'country_name': 'Germany'}]",Koesters,,Arnd Koesters,https://app.dimensions.ai/discover/publication?and_facet_researcher=ur.015452226260.36
Andreas,ur.010707502124.70,2,"[{'id': 'grid.461628.f', 'acronym': 'ILT', 'name': 'Fraunhofer Institute for Laser Technology', 'country_name': 'Germany'}]",Brenner,,Andreas Brenner,https://app.dimensions.ai/discover/publication?and_facet_researcher=ur.010707502124.70
Ludwig,ur.010550561213.73,2,"[{'id': 'grid.461628.f', 'acronym': 'ILT', 'name': 'Fraunhofer Institute for Laser Technology', 'country_name': 'Germany'}]",Pongratz,,Ludwig Pongratz,https://app.dimensions.ai/discover/publication?and_facet_researcher=ur.010550561213.73
Patricia,ur.012371061104.87,2,"[{'id': 'grid.461628.f', 'acronym': 'ILT', 'name': 'Fraunhofer Institute for Laser Technology', 'country_name': 'Germany'}]",Betz,,Patricia Betz,https://app.dimensions.ai/discover/publication?and_facet_researcher=ur.012371061104.87
Welf,ur.014473364677.28,2,"[{'id': 'grid.461628.f', 'acronym': 'ILT', 'name': 'Fraunhofer Institute for Laser Technology', 'country_name': 'Germany'}]",Wawers,,Welf Wawers,https://app.dimensions.ai/discover/publication?and_facet_researcher=ur.014473364677.28
Pelin,ur.014441371077.82,2,"[{'id': 'grid.461628.f', 'acronym': 'ILT', 'name': 'Fraunhofer Institute for Laser Technology', 'country_name': 'Germany'}]",Cebeci,['0000-0002-4342-5901'],Pelin Cebeci,https://app.dimensions.ai/discover/publication?and_facet_researcher=ur.014441371077.82
André,ur.014133026762.28,2,"[{'id': 'grid.461628.f', 'acronym': 'ILT', 'name': 'Fraunhofer Institute for Laser Technology', 'country_name': 'Germany'}]",Lamott,,André Lamott,https://app.dimensions.ai/discover/publication?and_facet_researcher=ur.014133026762.28
Okan,ur.07361667352.78,2,"[{'id': 'grid.461628.f', 'acronym': 'ILT', 'name': 'Fraunhofer Institute for Laser Technology', 'country_name': 'Germany'}]",Güdükkurt,,Okan Güdükkurt,https://app.dimensions.ai/discover/publication?and_facet_researcher=ur.07361667352.78
R,ur.011112554506.13,2,"[{'id': 'grid.461628.f', 'acronym': 'ILT', 'name': 'Fraunhofer Institute for Laser Technology', 'country_name': 'Germany'}, {'id': 'grid.1957.a', 'acronym': 'RWTH', 'name': 'RWTH Aachen University', 'country_name': 'Germany'}]",Haas,,R Haas,https://app.dimensions.ai/discover/publication?and_facet_researcher=ur.011112554506.13
Marc,ur.0677140044.77,2,"[{'id': 'grid.461628.f', 'acronym': 'ILT', 'name': 'Fraunhofer Institute for Laser Technology', 'country_name': 'Germany'}]",Kraushaar,,Marc Kraushaar,https://app.dimensions.ai/discover/publication?and_facet_researcher=ur.0677140044.77
Jana,ur.014577232247.40,2,"[{'id': 'grid.461628.f', 'acronym': 'ILT', 'name': 'Fraunhofer Institute for Laser Technology', 'country_name': 'Germany'}]",Kelbassa,,Jana Kelbassa,https://app.dimensions.ai/discover/publication?and_facet_researcher=ur.014577232247.40
Christian,ur.012420651674.00,2,"[{'id': 'grid.461628.f', 'acronym': 'ILT', 'name': 'Fraunhofer Institute for Laser Technology', 'country_name': 'Germany'}]",Knaak,,Christian Knaak,https://app.dimensions.ai/discover/publication?and_facet_researcher=ur.012420651674.00
Reinhard,ur.010335357461.29,1,"[{'id': 'grid.461628.f', 'acronym': 'ILT', 'name': 'Fraunhofer Institute for Laser Technology', 'country_name': 'Germany'}]",Freudenberg,,Reinhard Freudenberg,https://app.dimensions.ai/discover/publication?and_facet_researcher=ur.010335357461.29
